env_steps,episode,return_0,return_1,joint_return,length,loss,epsilon,entropy,approx_kl,clip_fraction,actor_loss,critic_loss
2000,0,15.0,-57.0,-42.0,250,,,1.6069457530975342,,,,
2000,1,3.0,-95.0,-92.0,250,,,1.6069457530975342,,,,
2000,2,23.0,-48.0,-25.0,250,,,1.6069457530975342,,,,
2000,3,26.0,-24.0,2.0,250,,,1.6069457530975342,,,,
2000,4,-11.0,-58.0,-69.0,250,,,1.6069457530975342,,,,
2000,5,30.0,-34.0,-4.0,250,,,1.6069457530975342,,,,
2000,6,6.0,-65.0,-59.0,250,,,1.6069457530975342,,,,
2000,7,-5.0,-48.0,-53.0,250,,,1.6069457530975342,,,,
4000,8,-4.0,-29.0,-33.0,250,,,1.5869851112365723,,,,
4000,9,-33.0,-12.0,-45.0,250,,,1.5869851112365723,,,,
4000,10,5.0,-50.0,-45.0,250,,,1.5869851112365723,,,,
4000,11,-15.0,-54.0,-69.0,250,,,1.5869851112365723,,,,
4000,12,-9.0,-58.0,-67.0,250,,,1.5869851112365723,,,,
4000,13,11.0,-66.0,-55.0,250,,,1.5869851112365723,,,,
4000,14,-11.0,-71.0,-82.0,250,,,1.5869851112365723,,,,
4000,15,-4.0,-36.0,-40.0,250,,,1.5869851112365723,,,,
6000,16,-21.0,-42.0,-63.0,250,,,1.5986578464508057,,,,
6000,17,-34.0,16.0,-18.0,250,,,1.5986578464508057,,,,
6000,18,22.0,-41.0,-19.0,250,,,1.5986578464508057,,,,
6000,19,-24.0,-20.0,-44.0,250,,,1.5986578464508057,,,,
6000,20,6.0,-24.0,-18.0,250,,,1.5986578464508057,,,,
6000,21,-22.0,-30.0,-52.0,250,,,1.5986578464508057,,,,
6000,22,-32.0,-29.0,-61.0,250,,,1.5986578464508057,,,,
6000,23,32.0,-23.0,9.0,250,,,1.5986578464508057,,,,
8000,24,12.0,-37.0,-25.0,250,,,1.599217414855957,,,,
8000,25,-13.0,-35.0,-48.0,250,,,1.599217414855957,,,,
8000,26,-8.0,-36.0,-44.0,250,,,1.599217414855957,,,,
8000,27,-16.0,-25.0,-41.0,250,,,1.599217414855957,,,,
8000,28,-14.0,-29.0,-43.0,250,,,1.599217414855957,,,,
8000,29,-2.0,-26.0,-28.0,250,,,1.599217414855957,,,,
8000,30,13.0,-31.0,-18.0,250,,,1.599217414855957,,,,
8000,31,2.0,-59.0,-57.0,250,,,1.599217414855957,,,,
10000,32,5.0,-30.0,-25.0,250,,,1.5935168266296387,,,,
10000,33,15.0,-28.0,-13.0,250,,,1.5935168266296387,,,,
10000,34,-7.0,-18.0,-25.0,250,,,1.5935168266296387,,,,
10000,35,7.0,-23.0,-16.0,250,,,1.5935168266296387,,,,
10000,36,-20.0,-45.0,-65.0,250,,,1.5935168266296387,,,,
10000,37,13.0,-38.0,-25.0,250,,,1.5935168266296387,,,,
10000,38,15.0,-40.0,-25.0,250,,,1.5935168266296387,,,,
10000,39,-19.0,-22.0,-41.0,250,,,1.5935168266296387,,,,
12000,40,11.0,-39.0,-28.0,250,,,1.5681828260421753,,,,
12000,41,-6.0,-12.0,-18.0,250,,,1.5681828260421753,,,,
12000,42,8.0,-12.0,-4.0,250,,,1.5681828260421753,,,,
12000,43,4.0,-3.0,1.0,250,,,1.5681828260421753,,,,
12000,44,8.0,-39.0,-31.0,250,,,1.5681828260421753,,,,
12000,45,-25.0,-23.0,-48.0,250,,,1.5681828260421753,,,,
12000,46,-24.0,-13.0,-37.0,250,,,1.5681828260421753,,,,
12000,47,-24.0,-21.0,-45.0,250,,,1.5681828260421753,,,,
14000,48,-24.0,-23.0,-47.0,250,,,1.5573358535766602,,,,
14000,49,20.0,-39.0,-19.0,250,,,1.5573358535766602,,,,
14000,50,14.0,-4.0,10.0,250,,,1.5573358535766602,,,,
14000,51,6.0,7.0,13.0,250,,,1.5573358535766602,,,,
14000,52,14.0,-33.0,-19.0,250,,,1.5573358535766602,,,,
14000,53,-45.0,-11.0,-56.0,250,,,1.5573358535766602,,,,
14000,54,-23.0,-28.0,-51.0,250,,,1.5573358535766602,,,,
14000,55,-1.0,-8.0,-9.0,250,,,1.5573358535766602,,,,
16000,56,32.0,13.0,45.0,250,,,1.4866825342178345,,,,
16000,57,-6.0,-26.0,-32.0,250,,,1.4866825342178345,,,,
16000,58,58.0,30.0,88.0,250,,,1.4866825342178345,,,,
16000,59,32.0,40.0,72.0,250,,,1.4866825342178345,,,,
16000,60,32.0,7.0,39.0,250,,,1.4866825342178345,,,,
16000,61,6.0,13.0,19.0,250,,,1.4866825342178345,,,,
16000,62,27.0,-6.0,21.0,250,,,1.4866825342178345,,,,
16000,63,39.0,-5.0,34.0,250,,,1.4866825342178345,,,,
18000,64,33.0,-18.0,15.0,250,,,1.4428632259368896,,,,
18000,65,55.0,34.0,89.0,250,,,1.4428632259368896,,,,
18000,66,46.0,55.0,101.0,250,,,1.4428632259368896,,,,
18000,67,50.0,29.0,79.0,250,,,1.4428632259368896,,,,
18000,68,85.0,47.0,132.0,250,,,1.4428632259368896,,,,
18000,69,26.0,13.0,39.0,250,,,1.4428632259368896,,,,
18000,70,52.0,38.0,90.0,250,,,1.4428632259368896,,,,
18000,71,39.0,4.0,43.0,250,,,1.4428632259368896,,,,
20000,72,140.0,112.0,252.0,250,,,1.3411033153533936,,,,
20000,73,110.0,105.0,215.0,250,,,1.3411033153533936,,,,
20000,74,85.0,83.0,168.0,250,,,1.3411033153533936,,,,
20000,75,116.0,92.0,208.0,250,,,1.3411033153533936,,,,
20000,76,72.0,64.0,136.0,250,,,1.3411033153533936,,,,
20000,77,90.0,88.0,178.0,250,,,1.3411033153533936,,,,
20000,78,96.0,59.0,155.0,250,,,1.3411033153533936,,,,
20000,79,91.0,82.0,173.0,250,,,1.3411033153533936,,,,
22000,80,156.0,126.0,282.0,250,,,1.2968759536743164,,,,
22000,81,142.0,124.0,266.0,250,,,1.2968759536743164,,,,
22000,82,159.0,184.0,343.0,250,,,1.2968759536743164,,,,
22000,83,141.0,144.0,285.0,250,,,1.2968759536743164,,,,
22000,84,112.0,81.0,193.0,250,,,1.2968759536743164,,,,
22000,85,127.0,132.0,259.0,250,,,1.2968759536743164,,,,
22000,86,160.0,164.0,324.0,250,,,1.2968759536743164,,,,
22000,87,198.0,175.0,373.0,250,,,1.2968759536743164,,,,
24000,88,208.0,202.0,410.0,250,,,1.2649924755096436,,,,
24000,89,207.0,204.0,411.0,250,,,1.2649924755096436,,,,
24000,90,193.0,197.0,390.0,250,,,1.2649924755096436,,,,
24000,91,195.0,189.0,384.0,250,,,1.2649924755096436,,,,
24000,92,174.0,193.0,367.0,250,,,1.2649924755096436,,,,
24000,93,215.0,187.0,402.0,250,,,1.2649924755096436,,,,
24000,94,169.0,177.0,346.0,250,,,1.2649924755096436,,,,
24000,95,181.0,179.0,360.0,250,,,1.2649924755096436,,,,
26000,96,230.0,243.0,473.0,250,,,1.1792938709259033,,,,
26000,97,260.0,251.0,511.0,250,,,1.1792938709259033,,,,
26000,98,194.0,210.0,404.0,250,,,1.1792938709259033,,,,
26000,99,231.0,229.0,460.0,250,,,1.1792938709259033,,,,
26000,100,221.0,229.0,450.0,250,,,1.1792938709259033,,,,
26000,101,216.0,197.0,413.0,250,,,1.1792938709259033,,,,
26000,102,208.0,202.0,410.0,250,,,1.1792938709259033,,,,
26000,103,240.0,209.0,449.0,250,,,1.1792938709259033,,,,
28000,104,238.0,234.0,472.0,250,,,1.1577394008636475,,,,
28000,105,251.0,240.0,491.0,250,,,1.1577394008636475,,,,
28000,106,218.0,207.0,425.0,250,,,1.1577394008636475,,,,
28000,107,260.0,262.0,522.0,250,,,1.1577394008636475,,,,
28000,108,223.0,228.0,451.0,250,,,1.1577394008636475,,,,
28000,109,182.0,184.0,366.0,250,,,1.1577394008636475,,,,
28000,110,264.0,260.0,524.0,250,,,1.1577394008636475,,,,
28000,111,221.0,229.0,450.0,250,,,1.1577394008636475,,,,
30000,112,254.0,265.0,519.0,250,,,1.1095048189163208,,,,
30000,113,260.0,256.0,516.0,250,,,1.1095048189163208,,,,
30000,114,299.0,302.0,601.0,250,,,1.1095048189163208,,,,
30000,115,249.0,254.0,503.0,250,,,1.1095048189163208,,,,
30000,116,228.0,232.0,460.0,250,,,1.1095048189163208,,,,
30000,117,224.0,223.0,447.0,250,,,1.1095048189163208,,,,
30000,118,279.0,280.0,559.0,250,,,1.1095048189163208,,,,
30000,119,277.0,273.0,550.0,250,,,1.1095048189163208,,,,
32000,120,279.0,269.0,548.0,250,,,1.0971460342407227,,,,
32000,121,248.0,261.0,509.0,250,,,1.0971460342407227,,,,
32000,122,275.0,278.0,553.0,250,,,1.0971460342407227,,,,
32000,123,260.0,270.0,530.0,250,,,1.0971460342407227,,,,
32000,124,270.0,273.0,543.0,250,,,1.0971460342407227,,,,
32000,125,245.0,236.0,481.0,250,,,1.0971460342407227,,,,
32000,126,264.0,274.0,538.0,250,,,1.0971460342407227,,,,
32000,127,309.0,308.0,617.0,250,,,1.0971460342407227,,,,
34000,128,253.0,251.0,504.0,250,,,1.1195416450500488,,,,
34000,129,295.0,298.0,593.0,250,,,1.1195416450500488,,,,
34000,130,290.0,294.0,584.0,250,,,1.1195416450500488,,,,
34000,131,253.0,251.0,504.0,250,,,1.1195416450500488,,,,
34000,132,257.0,273.0,530.0,250,,,1.1195416450500488,,,,
34000,133,237.0,225.0,462.0,250,,,1.1195416450500488,,,,
34000,134,274.0,275.0,549.0,250,,,1.1195416450500488,,,,
34000,135,240.0,242.0,482.0,250,,,1.1195416450500488,,,,
36000,136,238.0,246.0,484.0,250,,,1.0637608766555786,,,,
36000,137,273.0,275.0,548.0,250,,,1.0637608766555786,,,,
36000,138,333.0,325.0,658.0,250,,,1.0637608766555786,,,,
36000,139,310.0,308.0,618.0,250,,,1.0637608766555786,,,,
36000,140,281.0,274.0,555.0,250,,,1.0637608766555786,,,,
36000,141,284.0,283.0,567.0,250,,,1.0637608766555786,,,,
36000,142,300.0,299.0,599.0,250,,,1.0637608766555786,,,,
36000,143,278.0,276.0,554.0,250,,,1.0637608766555786,,,,
38000,144,303.0,306.0,609.0,250,,,1.0790557861328125,,,,
38000,145,283.0,282.0,565.0,250,,,1.0790557861328125,,,,
38000,146,292.0,288.0,580.0,250,,,1.0790557861328125,,,,
38000,147,280.0,284.0,564.0,250,,,1.0790557861328125,,,,
38000,148,309.0,308.0,617.0,250,,,1.0790557861328125,,,,
38000,149,310.0,309.0,619.0,250,,,1.0790557861328125,,,,
38000,150,280.0,282.0,562.0,250,,,1.0790557861328125,,,,
38000,151,257.0,258.0,515.0,250,,,1.0790557861328125,,,,
40000,152,284.0,289.0,573.0,250,,,1.077704906463623,,,,
40000,153,265.0,267.0,532.0,250,,,1.077704906463623,,,,
40000,154,281.0,278.0,559.0,250,,,1.077704906463623,,,,
40000,155,276.0,279.0,555.0,250,,,1.077704906463623,,,,
40000,156,282.0,285.0,567.0,250,,,1.077704906463623,,,,
40000,157,260.0,252.0,512.0,250,,,1.077704906463623,,,,
40000,158,286.0,285.0,571.0,250,,,1.077704906463623,,,,
40000,159,284.0,283.0,567.0,250,,,1.077704906463623,,,,
42000,160,306.0,310.0,616.0,250,,,1.1076405048370361,,,,
42000,161,253.0,253.0,506.0,250,,,1.1076405048370361,,,,
42000,162,309.0,315.0,624.0,250,,,1.1076405048370361,,,,
42000,163,306.0,313.0,619.0,250,,,1.1076405048370361,,,,
42000,164,265.0,247.0,512.0,250,,,1.1076405048370361,,,,
42000,165,305.0,303.0,608.0,250,,,1.1076405048370361,,,,
42000,166,260.0,260.0,520.0,250,,,1.1076405048370361,,,,
42000,167,266.0,263.0,529.0,250,,,1.1076405048370361,,,,
44000,168,316.0,318.0,634.0,250,,,1.118844985961914,,,,
44000,169,264.0,270.0,534.0,250,,,1.118844985961914,,,,
44000,170,293.0,297.0,590.0,250,,,1.118844985961914,,,,
44000,171,316.0,304.0,620.0,250,,,1.118844985961914,,,,
44000,172,291.0,293.0,584.0,250,,,1.118844985961914,,,,
44000,173,305.0,300.0,605.0,250,,,1.118844985961914,,,,
44000,174,240.0,232.0,472.0,250,,,1.118844985961914,,,,
44000,175,243.0,233.0,476.0,250,,,1.118844985961914,,,,
46000,176,264.0,276.0,540.0,250,,,1.12386155128479,,,,
46000,177,269.0,266.0,535.0,250,,,1.12386155128479,,,,
46000,178,263.0,257.0,520.0,250,,,1.12386155128479,,,,
46000,179,290.0,293.0,583.0,250,,,1.12386155128479,,,,
46000,180,313.0,315.0,628.0,250,,,1.12386155128479,,,,
46000,181,290.0,290.0,580.0,250,,,1.12386155128479,,,,
46000,182,311.0,312.0,623.0,250,,,1.12386155128479,,,,
46000,183,283.0,284.0,567.0,250,,,1.12386155128479,,,,
48000,184,285.0,285.0,570.0,250,,,1.1053621768951416,,,,
48000,185,263.0,268.0,531.0,250,,,1.1053621768951416,,,,
48000,186,291.0,294.0,585.0,250,,,1.1053621768951416,,,,
48000,187,315.0,313.0,628.0,250,,,1.1053621768951416,,,,
48000,188,261.0,259.0,520.0,250,,,1.1053621768951416,,,,
48000,189,289.0,289.0,578.0,250,,,1.1053621768951416,,,,
48000,190,259.0,251.0,510.0,250,,,1.1053621768951416,,,,
48000,191,260.0,251.0,511.0,250,,,1.1053621768951416,,,,
50000,192,324.0,324.0,648.0,250,,,1.088795781135559,,,,
50000,193,299.0,301.0,600.0,250,,,1.088795781135559,,,,
50000,194,241.0,245.0,486.0,250,,,1.088795781135559,,,,
50000,195,259.0,261.0,520.0,250,,,1.088795781135559,,,,
50000,196,270.0,270.0,540.0,250,,,1.088795781135559,,,,
50000,197,299.0,300.0,599.0,250,,,1.088795781135559,,,,
50000,198,260.0,263.0,523.0,250,,,1.088795781135559,,,,
50000,199,290.0,281.0,571.0,250,,,1.088795781135559,,,,
52000,200,284.0,284.0,568.0,250,,,1.1204400062561035,,,,
52000,201,300.0,300.0,600.0,250,,,1.1204400062561035,,,,
52000,202,280.0,280.0,560.0,250,,,1.1204400062561035,,,,
52000,203,300.0,300.0,600.0,250,,,1.1204400062561035,,,,
52000,204,278.0,284.0,562.0,250,,,1.1204400062561035,,,,
52000,205,282.0,284.0,566.0,250,,,1.1204400062561035,,,,
52000,206,288.0,290.0,578.0,250,,,1.1204400062561035,,,,
52000,207,285.0,286.0,571.0,250,,,1.1204400062561035,,,,
54000,208,275.0,278.0,553.0,250,,,1.1119464635849,,,,
54000,209,273.0,274.0,547.0,250,,,1.1119464635849,,,,
54000,210,272.0,274.0,546.0,250,,,1.1119464635849,,,,
54000,211,290.0,280.0,570.0,250,,,1.1119464635849,,,,
54000,212,309.0,310.0,619.0,250,,,1.1119464635849,,,,
54000,213,307.0,310.0,617.0,250,,,1.1119464635849,,,,
54000,214,322.0,326.0,648.0,250,,,1.1119464635849,,,,
54000,215,306.0,312.0,618.0,250,,,1.1119464635849,,,,
56000,216,305.0,305.0,610.0,250,,,1.113512635231018,,,,
56000,217,272.0,276.0,548.0,250,,,1.113512635231018,,,,
56000,218,281.0,286.0,567.0,250,,,1.113512635231018,,,,
56000,219,258.0,260.0,518.0,250,,,1.113512635231018,,,,
56000,220,268.0,270.0,538.0,250,,,1.113512635231018,,,,
56000,221,289.0,290.0,579.0,250,,,1.113512635231018,,,,
56000,222,295.0,290.0,585.0,250,,,1.113512635231018,,,,
56000,223,327.0,330.0,657.0,250,,,1.113512635231018,,,,
58000,224,311.0,305.0,616.0,250,,,1.1062304973602295,,,,
58000,225,298.0,300.0,598.0,250,,,1.1062304973602295,,,,
58000,226,323.0,326.0,649.0,250,,,1.1062304973602295,,,,
58000,227,309.0,312.0,621.0,250,,,1.1062304973602295,,,,
58000,228,280.0,279.0,559.0,250,,,1.1062304973602295,,,,
58000,229,296.0,300.0,596.0,250,,,1.1062304973602295,,,,
58000,230,290.0,288.0,578.0,250,,,1.1062304973602295,,,,
58000,231,285.0,287.0,572.0,250,,,1.1062304973602295,,,,
60000,232,285.0,286.0,571.0,250,,,1.1116914749145508,,,,
60000,233,276.0,285.0,561.0,250,,,1.1116914749145508,,,,
60000,234,305.0,304.0,609.0,250,,,1.1116914749145508,,,,
60000,235,279.0,280.0,559.0,250,,,1.1116914749145508,,,,
60000,236,289.0,285.0,574.0,250,,,1.1116914749145508,,,,
60000,237,315.0,311.0,626.0,250,,,1.1116914749145508,,,,
60000,238,257.0,265.0,522.0,250,,,1.1116914749145508,,,,
60000,239,300.0,294.0,594.0,250,,,1.1116914749145508,,,,
62000,240,325.0,324.0,649.0,250,,,1.098165512084961,,,,
62000,241,269.0,267.0,536.0,250,,,1.098165512084961,,,,
62000,242,305.0,303.0,608.0,250,,,1.098165512084961,,,,
62000,243,304.0,300.0,604.0,250,,,1.098165512084961,,,,
62000,244,297.0,301.0,598.0,250,,,1.098165512084961,,,,
62000,245,305.0,302.0,607.0,250,,,1.098165512084961,,,,
62000,246,278.0,279.0,557.0,250,,,1.098165512084961,,,,
62000,247,295.0,292.0,587.0,250,,,1.098165512084961,,,,
64000,248,314.0,311.0,625.0,250,,,1.0828722715377808,,,,
64000,249,286.0,290.0,576.0,250,,,1.0828722715377808,,,,
64000,250,290.0,289.0,579.0,250,,,1.0828722715377808,,,,
64000,251,295.0,293.0,588.0,250,,,1.0828722715377808,,,,
64000,252,295.0,290.0,585.0,250,,,1.0828722715377808,,,,
64000,253,271.0,265.0,536.0,250,,,1.0828722715377808,,,,
64000,254,305.0,306.0,611.0,250,,,1.0828722715377808,,,,
64000,255,290.0,290.0,580.0,250,,,1.0828722715377808,,,,
66000,256,320.0,318.0,638.0,250,,,1.0667684078216553,,,,
66000,257,294.0,294.0,588.0,250,,,1.0667684078216553,,,,
66000,258,274.0,275.0,549.0,250,,,1.0667684078216553,,,,
66000,259,310.0,311.0,621.0,250,,,1.0667684078216553,,,,
66000,260,288.0,289.0,577.0,250,,,1.0667684078216553,,,,
66000,261,310.0,310.0,620.0,250,,,1.0667684078216553,,,,
66000,262,310.0,305.0,615.0,250,,,1.0667684078216553,,,,
66000,263,330.0,330.0,660.0,250,,,1.0667684078216553,,,,
68000,264,245.0,246.0,491.0,250,,,1.028938889503479,,,,
68000,265,310.0,308.0,618.0,250,,,1.028938889503479,,,,
68000,266,275.0,275.0,550.0,250,,,1.028938889503479,,,,
68000,267,282.0,284.0,566.0,250,,,1.028938889503479,,,,
68000,268,320.0,318.0,638.0,250,,,1.028938889503479,,,,
68000,269,295.0,286.0,581.0,250,,,1.028938889503479,,,,
68000,270,270.0,267.0,537.0,250,,,1.028938889503479,,,,
68000,271,335.0,333.0,668.0,250,,,1.028938889503479,,,,
70000,272,304.0,304.0,608.0,250,,,1.0589185953140259,,,,
70000,273,285.0,283.0,568.0,250,,,1.0589185953140259,,,,
70000,274,322.0,325.0,647.0,250,,,1.0589185953140259,,,,
70000,275,290.0,282.0,572.0,250,,,1.0589185953140259,,,,
70000,276,310.0,308.0,618.0,250,,,1.0589185953140259,,,,
70000,277,275.0,275.0,550.0,250,,,1.0589185953140259,,,,
70000,278,315.0,311.0,626.0,250,,,1.0589185953140259,,,,
70000,279,301.0,305.0,606.0,250,,,1.0589185953140259,,,,
72000,280,285.0,285.0,570.0,250,,,1.0557842254638672,,,,
72000,281,300.0,299.0,599.0,250,,,1.0557842254638672,,,,
72000,282,255.0,255.0,510.0,250,,,1.0557842254638672,,,,
72000,283,285.0,285.0,570.0,250,,,1.0557842254638672,,,,
72000,284,275.0,273.0,548.0,250,,,1.0557842254638672,,,,
72000,285,279.0,276.0,555.0,250,,,1.0557842254638672,,,,
72000,286,305.0,306.0,611.0,250,,,1.0557842254638672,,,,
72000,287,270.0,263.0,533.0,250,,,1.0557842254638672,,,,
74000,288,277.0,276.0,553.0,250,,,1.0917601585388184,,,,
74000,289,320.0,320.0,640.0,250,,,1.0917601585388184,,,,
74000,290,303.0,305.0,608.0,250,,,1.0917601585388184,,,,
74000,291,320.0,320.0,640.0,250,,,1.0917601585388184,,,,
74000,292,370.0,368.0,738.0,250,,,1.0917601585388184,,,,
74000,293,305.0,305.0,610.0,250,,,1.0917601585388184,,,,
74000,294,280.0,280.0,560.0,250,,,1.0917601585388184,,,,
74000,295,294.0,295.0,589.0,250,,,1.0917601585388184,,,,
76000,296,279.0,279.0,558.0,250,,,1.0896762609481812,,,,
76000,297,300.0,295.0,595.0,250,,,1.0896762609481812,,,,
76000,298,315.0,314.0,629.0,250,,,1.0896762609481812,,,,
76000,299,286.0,285.0,571.0,250,,,1.0896762609481812,,,,
76000,300,263.0,265.0,528.0,250,,,1.0896762609481812,,,,
76000,301,283.0,290.0,573.0,250,,,1.0896762609481812,,,,
76000,302,290.0,287.0,577.0,250,,,1.0896762609481812,,,,
76000,303,340.0,340.0,680.0,250,,,1.0896762609481812,,,,
78000,304,280.0,280.0,560.0,250,,,1.0982084274291992,,,,
78000,305,284.0,283.0,567.0,250,,,1.0982084274291992,,,,
78000,306,285.0,284.0,569.0,250,,,1.0982084274291992,,,,
78000,307,275.0,275.0,550.0,250,,,1.0982084274291992,,,,
78000,308,305.0,304.0,609.0,250,,,1.0982084274291992,,,,
78000,309,298.0,301.0,599.0,250,,,1.0982084274291992,,,,
78000,310,320.0,321.0,641.0,250,,,1.0982084274291992,,,,
78000,311,285.0,283.0,568.0,250,,,1.0982084274291992,,,,
80000,312,285.0,284.0,569.0,250,,,1.0885696411132812,,,,
80000,313,300.0,302.0,602.0,250,,,1.0885696411132812,,,,
80000,314,280.0,278.0,558.0,250,,,1.0885696411132812,,,,
80000,315,290.0,287.0,577.0,250,,,1.0885696411132812,,,,
80000,316,310.0,309.0,619.0,250,,,1.0885696411132812,,,,
80000,317,278.0,279.0,557.0,250,,,1.0885696411132812,,,,
80000,318,324.0,325.0,649.0,250,,,1.0885696411132812,,,,
80000,319,305.0,302.0,607.0,250,,,1.0885696411132812,,,,
82000,320,300.0,299.0,599.0,250,,,1.0421593189239502,,,,
82000,321,325.0,325.0,650.0,250,,,1.0421593189239502,,,,
82000,322,280.0,278.0,558.0,250,,,1.0421593189239502,,,,
82000,323,305.0,308.0,613.0,250,,,1.0421593189239502,,,,
82000,324,330.0,328.0,658.0,250,,,1.0421593189239502,,,,
82000,325,295.0,294.0,589.0,250,,,1.0421593189239502,,,,
82000,326,280.0,276.0,556.0,250,,,1.0421593189239502,,,,
82000,327,268.0,272.0,540.0,250,,,1.0421593189239502,,,,
84000,328,300.0,299.0,599.0,250,,,1.0494065284729004,,,,
84000,329,285.0,284.0,569.0,250,,,1.0494065284729004,,,,
84000,330,270.0,270.0,540.0,250,,,1.0494065284729004,,,,
84000,331,314.0,316.0,630.0,250,,,1.0494065284729004,,,,
84000,332,300.0,300.0,600.0,250,,,1.0494065284729004,,,,
84000,333,280.0,280.0,560.0,250,,,1.0494065284729004,,,,
84000,334,327.0,330.0,657.0,250,,,1.0494065284729004,,,,
84000,335,328.0,329.0,657.0,250,,,1.0494065284729004,,,,
86000,336,295.0,295.0,590.0,250,,,1.0336447954177856,,,,
86000,337,320.0,320.0,640.0,250,,,1.0336447954177856,,,,
86000,338,294.0,295.0,589.0,250,,,1.0336447954177856,,,,
86000,339,280.0,279.0,559.0,250,,,1.0336447954177856,,,,
86000,340,300.0,299.0,599.0,250,,,1.0336447954177856,,,,
86000,341,305.0,301.0,606.0,250,,,1.0336447954177856,,,,
86000,342,330.0,326.0,656.0,250,,,1.0336447954177856,,,,
86000,343,315.0,312.0,627.0,250,,,1.0336447954177856,,,,
88000,344,285.0,284.0,569.0,250,,,1.049519658088684,,,,
88000,345,284.0,285.0,569.0,250,,,1.049519658088684,,,,
88000,346,330.0,330.0,660.0,250,,,1.049519658088684,,,,
88000,347,275.0,274.0,549.0,250,,,1.049519658088684,,,,
88000,348,295.0,295.0,590.0,250,,,1.049519658088684,,,,
88000,349,285.0,282.0,567.0,250,,,1.049519658088684,,,,
88000,350,320.0,321.0,641.0,250,,,1.049519658088684,,,,
88000,351,305.0,305.0,610.0,250,,,1.049519658088684,,,,
90000,352,295.0,296.0,591.0,250,,,1.037266492843628,,,,
90000,353,265.0,264.0,529.0,250,,,1.037266492843628,,,,
90000,354,300.0,300.0,600.0,250,,,1.037266492843628,,,,
90000,355,294.0,295.0,589.0,250,,,1.037266492843628,,,,
90000,356,315.0,316.0,631.0,250,,,1.037266492843628,,,,
90000,357,290.0,290.0,580.0,250,,,1.037266492843628,,,,
90000,358,320.0,319.0,639.0,250,,,1.037266492843628,,,,
90000,359,270.0,267.0,537.0,250,,,1.037266492843628,,,,
92000,360,290.0,290.0,580.0,250,,,1.0777440071105957,,,,
92000,361,305.0,305.0,610.0,250,,,1.0777440071105957,,,,
92000,362,294.0,295.0,589.0,250,,,1.0777440071105957,,,,
92000,363,264.0,270.0,534.0,250,,,1.0777440071105957,,,,
92000,364,258.0,259.0,517.0,250,,,1.0777440071105957,,,,
92000,365,290.0,289.0,579.0,250,,,1.0777440071105957,,,,
92000,366,295.0,294.0,589.0,250,,,1.0777440071105957,,,,
92000,367,375.0,374.0,749.0,250,,,1.0777440071105957,,,,
94000,368,308.0,310.0,618.0,250,,,1.0370548963546753,,,,
94000,369,325.0,325.0,650.0,250,,,1.0370548963546753,,,,
94000,370,305.0,303.0,608.0,250,,,1.0370548963546753,,,,
94000,371,260.0,261.0,521.0,250,,,1.0370548963546753,,,,
94000,372,275.0,275.0,550.0,250,,,1.0370548963546753,,,,
94000,373,290.0,289.0,579.0,250,,,1.0370548963546753,,,,
94000,374,285.0,284.0,569.0,250,,,1.0370548963546753,,,,
94000,375,305.0,306.0,611.0,250,,,1.0370548963546753,,,,
96000,376,303.0,305.0,608.0,250,,,1.064495325088501,,,,
96000,377,290.0,290.0,580.0,250,,,1.064495325088501,,,,
96000,378,315.0,315.0,630.0,250,,,1.064495325088501,,,,
96000,379,290.0,272.0,562.0,250,,,1.064495325088501,,,,
96000,380,295.0,296.0,591.0,250,,,1.064495325088501,,,,
96000,381,290.0,288.0,578.0,250,,,1.064495325088501,,,,
96000,382,295.0,291.0,586.0,250,,,1.064495325088501,,,,
96000,383,286.0,291.0,577.0,250,,,1.064495325088501,,,,
98000,384,299.0,298.0,597.0,250,,,1.0805144309997559,,,,
98000,385,290.0,290.0,580.0,250,,,1.0805144309997559,,,,
98000,386,290.0,290.0,580.0,250,,,1.0805144309997559,,,,
98000,387,290.0,288.0,578.0,250,,,1.0805144309997559,,,,
98000,388,294.0,295.0,589.0,250,,,1.0805144309997559,,,,
98000,389,300.0,300.0,600.0,250,,,1.0805144309997559,,,,
98000,390,323.0,323.0,646.0,250,,,1.0805144309997559,,,,
98000,391,275.0,274.0,549.0,250,,,1.0805144309997559,,,,
100000,392,284.0,285.0,569.0,250,,,1.0842171907424927,,,,
100000,393,260.0,261.0,521.0,250,,,1.0842171907424927,,,,
100000,394,334.0,334.0,668.0,250,,,1.0842171907424927,,,,
100000,395,315.0,313.0,628.0,250,,,1.0842171907424927,,,,
100000,396,290.0,290.0,580.0,250,,,1.0842171907424927,,,,
100000,397,265.0,266.0,531.0,250,,,1.0842171907424927,,,,
100000,398,295.0,295.0,590.0,250,,,1.0842171907424927,,,,
100000,399,295.0,294.0,589.0,250,,,1.0842171907424927,,,,
102000,400,280.0,280.0,560.0,250,,,1.0583827495574951,,,,
102000,401,295.0,294.0,589.0,250,,,1.0583827495574951,,,,
102000,402,355.0,356.0,711.0,250,,,1.0583827495574951,,,,
102000,403,300.0,300.0,600.0,250,,,1.0583827495574951,,,,
102000,404,250.0,241.0,491.0,250,,,1.0583827495574951,,,,
102000,405,315.0,315.0,630.0,250,,,1.0583827495574951,,,,
102000,406,325.0,325.0,650.0,250,,,1.0583827495574951,,,,
102000,407,295.0,292.0,587.0,250,,,1.0583827495574951,,,,
104000,408,299.0,300.0,599.0,250,,,1.0764224529266357,,,,
104000,409,286.0,287.0,573.0,250,,,1.0764224529266357,,,,
104000,410,315.0,315.0,630.0,250,,,1.0764224529266357,,,,
104000,411,310.0,311.0,621.0,250,,,1.0764224529266357,,,,
104000,412,264.0,270.0,534.0,250,,,1.0764224529266357,,,,
104000,413,280.0,278.0,558.0,250,,,1.0764224529266357,,,,
104000,414,314.0,317.0,631.0,250,,,1.0764224529266357,,,,
104000,415,305.0,303.0,608.0,250,,,1.0764224529266357,,,,
106000,416,300.0,301.0,601.0,250,,,1.0964741706848145,,,,
106000,417,320.0,318.0,638.0,250,,,1.0964741706848145,,,,
106000,418,262.0,263.0,525.0,250,,,1.0964741706848145,,,,
106000,419,295.0,296.0,591.0,250,,,1.0964741706848145,,,,
106000,420,315.0,313.0,628.0,250,,,1.0964741706848145,,,,
106000,421,302.0,305.0,607.0,250,,,1.0964741706848145,,,,
106000,422,284.0,284.0,568.0,250,,,1.0964741706848145,,,,
106000,423,280.0,279.0,559.0,250,,,1.0964741706848145,,,,
108000,424,324.0,323.0,647.0,250,,,1.0811717510223389,,,,
108000,425,315.0,314.0,629.0,250,,,1.0811717510223389,,,,
108000,426,280.0,279.0,559.0,250,,,1.0811717510223389,,,,
108000,427,295.0,295.0,590.0,250,,,1.0811717510223389,,,,
108000,428,294.0,295.0,589.0,250,,,1.0811717510223389,,,,
108000,429,300.0,301.0,601.0,250,,,1.0811717510223389,,,,
108000,430,300.0,301.0,601.0,250,,,1.0811717510223389,,,,
108000,431,307.0,310.0,617.0,250,,,1.0811717510223389,,,,
110000,432,324.0,325.0,649.0,250,,,1.071370244026184,,,,
110000,433,323.0,325.0,648.0,250,,,1.071370244026184,,,,
110000,434,284.0,285.0,569.0,250,,,1.071370244026184,,,,
110000,435,293.0,295.0,588.0,250,,,1.071370244026184,,,,
110000,436,290.0,290.0,580.0,250,,,1.071370244026184,,,,
110000,437,285.0,285.0,570.0,250,,,1.071370244026184,,,,
110000,438,295.0,295.0,590.0,250,,,1.071370244026184,,,,
110000,439,299.0,301.0,600.0,250,,,1.071370244026184,,,,
112000,440,305.0,306.0,611.0,250,,,1.0735409259796143,,,,
112000,441,284.0,285.0,569.0,250,,,1.0735409259796143,,,,
112000,442,280.0,272.0,552.0,250,,,1.0735409259796143,,,,
112000,443,305.0,305.0,610.0,250,,,1.0735409259796143,,,,
112000,444,261.0,264.0,525.0,250,,,1.0735409259796143,,,,
112000,445,305.0,305.0,610.0,250,,,1.0735409259796143,,,,
112000,446,270.0,274.0,544.0,250,,,1.0735409259796143,,,,
112000,447,300.0,296.0,596.0,250,,,1.0735409259796143,,,,
114000,448,260.0,258.0,518.0,250,,,1.04859459400177,,,,
114000,449,300.0,300.0,600.0,250,,,1.04859459400177,,,,
114000,450,280.0,279.0,559.0,250,,,1.04859459400177,,,,
114000,451,290.0,290.0,580.0,250,,,1.04859459400177,,,,
114000,452,295.0,295.0,590.0,250,,,1.04859459400177,,,,
114000,453,325.0,324.0,649.0,250,,,1.04859459400177,,,,
114000,454,310.0,308.0,618.0,250,,,1.04859459400177,,,,
114000,455,300.0,298.0,598.0,250,,,1.04859459400177,,,,
116000,456,280.0,278.0,558.0,250,,,1.0347011089324951,,,,
116000,457,307.0,310.0,617.0,250,,,1.0347011089324951,,,,
116000,458,315.0,315.0,630.0,250,,,1.0347011089324951,,,,
116000,459,330.0,329.0,659.0,250,,,1.0347011089324951,,,,
116000,460,285.0,285.0,570.0,250,,,1.0347011089324951,,,,
116000,461,285.0,278.0,563.0,250,,,1.0347011089324951,,,,
116000,462,296.0,299.0,595.0,250,,,1.0347011089324951,,,,
116000,463,330.0,329.0,659.0,250,,,1.0347011089324951,,,,
118000,464,285.0,282.0,567.0,250,,,1.0428240299224854,,,,
118000,465,275.0,274.0,549.0,250,,,1.0428240299224854,,,,
118000,466,310.0,305.0,615.0,250,,,1.0428240299224854,,,,
118000,467,315.0,313.0,628.0,250,,,1.0428240299224854,,,,
118000,468,285.0,284.0,569.0,250,,,1.0428240299224854,,,,
118000,469,275.0,272.0,547.0,250,,,1.0428240299224854,,,,
118000,470,305.0,300.0,605.0,250,,,1.0428240299224854,,,,
118000,471,313.0,310.0,623.0,250,,,1.0428240299224854,,,,
120000,472,305.0,302.0,607.0,250,,,1.0200332403182983,,,,
120000,473,300.0,300.0,600.0,250,,,1.0200332403182983,,,,
120000,474,302.0,300.0,602.0,250,,,1.0200332403182983,,,,
120000,475,280.0,278.0,558.0,250,,,1.0200332403182983,,,,
120000,476,274.0,275.0,549.0,250,,,1.0200332403182983,,,,
120000,477,280.0,281.0,561.0,250,,,1.0200332403182983,,,,
120000,478,246.0,251.0,497.0,250,,,1.0200332403182983,,,,
120000,479,315.0,315.0,630.0,250,,,1.0200332403182983,,,,
122000,480,290.0,289.0,579.0,250,,,1.0279340744018555,,,,
122000,481,265.0,265.0,530.0,250,,,1.0279340744018555,,,,
122000,482,300.0,301.0,601.0,250,,,1.0279340744018555,,,,
122000,483,295.0,295.0,590.0,250,,,1.0279340744018555,,,,
122000,484,300.0,300.0,600.0,250,,,1.0279340744018555,,,,
122000,485,295.0,295.0,590.0,250,,,1.0279340744018555,,,,
122000,486,280.0,278.0,558.0,250,,,1.0279340744018555,,,,
122000,487,300.0,300.0,600.0,250,,,1.0279340744018555,,,,
124000,488,315.0,315.0,630.0,250,,,1.0245044231414795,,,,
124000,489,300.0,299.0,599.0,250,,,1.0245044231414795,,,,
124000,490,240.0,240.0,480.0,250,,,1.0245044231414795,,,,
124000,491,310.0,310.0,620.0,250,,,1.0245044231414795,,,,
124000,492,325.0,325.0,650.0,250,,,1.0245044231414795,,,,
124000,493,300.0,298.0,598.0,250,,,1.0245044231414795,,,,
124000,494,330.0,332.0,662.0,250,,,1.0245044231414795,,,,
124000,495,280.0,280.0,560.0,250,,,1.0245044231414795,,,,
126000,496,305.0,306.0,611.0,250,,,1.0297114849090576,,,,
126000,497,305.0,301.0,606.0,250,,,1.0297114849090576,,,,
126000,498,310.0,311.0,621.0,250,,,1.0297114849090576,,,,
126000,499,305.0,305.0,610.0,250,,,1.0297114849090576,,,,
126000,500,288.0,290.0,578.0,250,,,1.0297114849090576,,,,
126000,501,310.0,311.0,621.0,250,,,1.0297114849090576,,,,
126000,502,250.0,246.0,496.0,250,,,1.0297114849090576,,,,
126000,503,320.0,320.0,640.0,250,,,1.0297114849090576,,,,
128000,504,305.0,305.0,610.0,250,0.0021202170128162834,,1.023158311843872,0.0011135917147262753,0.0013427734375,4.851917765336111e-05,0.0020716978351629223
128000,505,290.0,290.0,580.0,250,0.0021202170128162834,,1.023158311843872,0.0011135917147262753,0.0013427734375,4.851917765336111e-05,0.0020716978351629223
128000,506,310.0,306.0,616.0,250,0.0021202170128162834,,1.023158311843872,0.0011135917147262753,0.0013427734375,4.851917765336111e-05,0.0020716978351629223
128000,507,335.0,335.0,670.0,250,0.0021202170128162834,,1.023158311843872,0.0011135917147262753,0.0013427734375,4.851917765336111e-05,0.0020716978351629223
128000,508,295.0,295.0,590.0,250,0.0021202170128162834,,1.023158311843872,0.0011135917147262753,0.0013427734375,4.851917765336111e-05,0.0020716978351629223
128000,509,274.0,273.0,547.0,250,0.0021202170128162834,,1.023158311843872,0.0011135917147262753,0.0013427734375,4.851917765336111e-05,0.0020716978351629223
128000,510,290.0,290.0,580.0,250,0.0021202170128162834,,1.023158311843872,0.0011135917147262753,0.0013427734375,4.851917765336111e-05,0.0020716978351629223
128000,511,281.0,282.0,563.0,250,0.0021202170128162834,,1.023158311843872,0.0011135917147262753,0.0013427734375,4.851917765336111e-05,0.0020716978351629223
130000,512,265.0,266.0,531.0,250,,,1.0350161790847778,,,,
130000,513,295.0,294.0,589.0,250,,,1.0350161790847778,,,,
130000,514,320.0,320.0,640.0,250,,,1.0350161790847778,,,,
130000,515,295.0,295.0,590.0,250,,,1.0350161790847778,,,,
130000,516,320.0,320.0,640.0,250,,,1.0350161790847778,,,,
130000,517,295.0,295.0,590.0,250,,,1.0350161790847778,,,,
130000,518,290.0,285.0,575.0,250,,,1.0350161790847778,,,,
130000,519,280.0,280.0,560.0,250,,,1.0350161790847778,,,,
132000,520,295.0,287.0,582.0,250,,,1.0270702838897705,,,,
132000,521,320.0,317.0,637.0,250,,,1.0270702838897705,,,,
132000,522,355.0,355.0,710.0,250,,,1.0270702838897705,,,,
132000,523,280.0,279.0,559.0,250,,,1.0270702838897705,,,,
132000,524,319.0,320.0,639.0,250,,,1.0270702838897705,,,,
132000,525,305.0,303.0,608.0,250,,,1.0270702838897705,,,,
132000,526,285.0,285.0,570.0,250,,,1.0270702838897705,,,,
132000,527,270.0,268.0,538.0,250,,,1.0270702838897705,,,,
134000,528,300.0,298.0,598.0,250,,,1.075448751449585,,,,
134000,529,325.0,323.0,648.0,250,,,1.075448751449585,,,,
134000,530,285.0,284.0,569.0,250,,,1.075448751449585,,,,
134000,531,330.0,331.0,661.0,250,,,1.075448751449585,,,,
134000,532,299.0,301.0,600.0,250,,,1.075448751449585,,,,
134000,533,295.0,293.0,588.0,250,,,1.075448751449585,,,,
134000,534,269.0,271.0,540.0,250,,,1.075448751449585,,,,
134000,535,300.0,301.0,601.0,250,,,1.075448751449585,,,,
136000,536,280.0,280.0,560.0,250,,,1.0730249881744385,,,,
136000,537,295.0,295.0,590.0,250,,,1.0730249881744385,,,,
136000,538,295.0,294.0,589.0,250,,,1.0730249881744385,,,,
136000,539,300.0,296.0,596.0,250,,,1.0730249881744385,,,,
136000,540,335.0,335.0,670.0,250,,,1.0730249881744385,,,,
136000,541,330.0,331.0,661.0,250,,,1.0730249881744385,,,,
136000,542,278.0,281.0,559.0,250,,,1.0730249881744385,,,,
136000,543,295.0,294.0,589.0,250,,,1.0730249881744385,,,,
138000,544,285.0,284.0,569.0,250,,,1.0826998949050903,,,,
138000,545,324.0,325.0,649.0,250,,,1.0826998949050903,,,,
138000,546,295.0,295.0,590.0,250,,,1.0826998949050903,,,,
138000,547,280.0,281.0,561.0,250,,,1.0826998949050903,,,,
138000,548,295.0,293.0,588.0,250,,,1.0826998949050903,,,,
138000,549,285.0,285.0,570.0,250,,,1.0826998949050903,,,,
138000,550,294.0,296.0,590.0,250,,,1.0826998949050903,,,,
138000,551,360.0,361.0,721.0,250,,,1.0826998949050903,,,,
140000,552,275.0,275.0,550.0,250,,,1.0553147792816162,,,,
140000,553,278.0,280.0,558.0,250,,,1.0553147792816162,,,,
140000,554,300.0,300.0,600.0,250,,,1.0553147792816162,,,,
140000,555,318.0,320.0,638.0,250,,,1.0553147792816162,,,,
140000,556,320.0,320.0,640.0,250,,,1.0553147792816162,,,,
140000,557,290.0,292.0,582.0,250,,,1.0553147792816162,,,,
140000,558,260.0,260.0,520.0,250,,,1.0553147792816162,,,,
140000,559,335.0,334.0,669.0,250,,,1.0553147792816162,,,,
142000,560,320.0,317.0,637.0,250,,,1.041826605796814,,,,
142000,561,280.0,278.0,558.0,250,,,1.041826605796814,,,,
142000,562,290.0,291.0,581.0,250,,,1.041826605796814,,,,
142000,563,255.0,256.0,511.0,250,,,1.041826605796814,,,,
142000,564,284.0,285.0,569.0,250,,,1.041826605796814,,,,
142000,565,340.0,340.0,680.0,250,,,1.041826605796814,,,,
142000,566,334.0,334.0,668.0,250,,,1.041826605796814,,,,
142000,567,295.0,293.0,588.0,250,,,1.041826605796814,,,,
144000,568,305.0,304.0,609.0,250,,,1.0653505325317383,,,,
144000,569,305.0,304.0,609.0,250,,,1.0653505325317383,,,,
144000,570,330.0,331.0,661.0,250,,,1.0653505325317383,,,,
144000,571,305.0,305.0,610.0,250,,,1.0653505325317383,,,,
144000,572,285.0,282.0,567.0,250,,,1.0653505325317383,,,,
144000,573,275.0,275.0,550.0,250,,,1.0653505325317383,,,,
144000,574,305.0,305.0,610.0,250,,,1.0653505325317383,,,,
144000,575,295.0,294.0,589.0,250,,,1.0653505325317383,,,,
146000,576,295.0,295.0,590.0,250,,,1.017221212387085,,,,
146000,577,330.0,328.0,658.0,250,,,1.017221212387085,,,,
146000,578,280.0,280.0,560.0,250,,,1.017221212387085,,,,
146000,579,300.0,299.0,599.0,250,,,1.017221212387085,,,,
146000,580,305.0,304.0,609.0,250,,,1.017221212387085,,,,
146000,581,295.0,296.0,591.0,250,,,1.017221212387085,,,,
146000,582,285.0,285.0,570.0,250,,,1.017221212387085,,,,
146000,583,325.0,325.0,650.0,250,,,1.017221212387085,,,,
148000,584,310.0,310.0,620.0,250,,,1.0156121253967285,,,,
148000,585,270.0,269.0,539.0,250,,,1.0156121253967285,,,,
148000,586,295.0,293.0,588.0,250,,,1.0156121253967285,,,,
148000,587,270.0,270.0,540.0,250,,,1.0156121253967285,,,,
148000,588,275.0,274.0,549.0,250,,,1.0156121253967285,,,,
148000,589,285.0,285.0,570.0,250,,,1.0156121253967285,,,,
148000,590,305.0,306.0,611.0,250,,,1.0156121253967285,,,,
148000,591,295.0,293.0,588.0,250,,,1.0156121253967285,,,,
150000,592,314.0,314.0,628.0,250,,,1.028026819229126,,,,
150000,593,280.0,280.0,560.0,250,,,1.028026819229126,,,,
150000,594,315.0,315.0,630.0,250,,,1.028026819229126,,,,
150000,595,299.0,300.0,599.0,250,,,1.028026819229126,,,,
150000,596,320.0,320.0,640.0,250,,,1.028026819229126,,,,
150000,597,325.0,324.0,649.0,250,,,1.028026819229126,,,,
150000,598,285.0,285.0,570.0,250,,,1.028026819229126,,,,
150000,599,270.0,268.0,538.0,250,,,1.028026819229126,,,,
152000,600,290.0,288.0,578.0,250,,,1.0204684734344482,,,,
152000,601,275.0,275.0,550.0,250,,,1.0204684734344482,,,,
152000,602,305.0,300.0,605.0,250,,,1.0204684734344482,,,,
152000,603,295.0,296.0,591.0,250,,,1.0204684734344482,,,,
152000,604,310.0,307.0,617.0,250,,,1.0204684734344482,,,,
152000,605,278.0,281.0,559.0,250,,,1.0204684734344482,,,,
152000,606,300.0,300.0,600.0,250,,,1.0204684734344482,,,,
152000,607,295.0,296.0,591.0,250,,,1.0204684734344482,,,,
154000,608,315.0,315.0,630.0,250,,,1.0358622074127197,,,,
154000,609,280.0,279.0,559.0,250,,,1.0358622074127197,,,,
154000,610,325.0,326.0,651.0,250,,,1.0358622074127197,,,,
154000,611,275.0,275.0,550.0,250,,,1.0358622074127197,,,,
154000,612,315.0,314.0,629.0,250,,,1.0358622074127197,,,,
154000,613,275.0,275.0,550.0,250,,,1.0358622074127197,,,,
154000,614,295.0,290.0,585.0,250,,,1.0358622074127197,,,,
154000,615,305.0,305.0,610.0,250,,,1.0358622074127197,,,,
156000,616,275.0,275.0,550.0,250,,,1.0059624910354614,,,,
156000,617,340.0,339.0,679.0,250,,,1.0059624910354614,,,,
156000,618,270.0,270.0,540.0,250,,,1.0059624910354614,,,,
156000,619,275.0,275.0,550.0,250,,,1.0059624910354614,,,,
156000,620,315.0,315.0,630.0,250,,,1.0059624910354614,,,,
156000,621,315.0,314.0,629.0,250,,,1.0059624910354614,,,,
156000,622,269.0,271.0,540.0,250,,,1.0059624910354614,,,,
156000,623,285.0,287.0,572.0,250,,,1.0059624910354614,,,,
158000,624,260.0,260.0,520.0,250,,,1.0102357864379883,,,,
158000,625,305.0,305.0,610.0,250,,,1.0102357864379883,,,,
158000,626,290.0,290.0,580.0,250,,,1.0102357864379883,,,,
158000,627,283.0,284.0,567.0,250,,,1.0102357864379883,,,,
158000,628,318.0,325.0,643.0,250,,,1.0102357864379883,,,,
158000,629,295.0,294.0,589.0,250,,,1.0102357864379883,,,,
158000,630,305.0,306.0,611.0,250,,,1.0102357864379883,,,,
158000,631,315.0,313.0,628.0,250,,,1.0102357864379883,,,,
160000,632,295.0,295.0,590.0,250,,,1.0349630117416382,,,,
160000,633,274.0,276.0,550.0,250,,,1.0349630117416382,,,,
160000,634,325.0,324.0,649.0,250,,,1.0349630117416382,,,,
160000,635,350.0,352.0,702.0,250,,,1.0349630117416382,,,,
160000,636,290.0,289.0,579.0,250,,,1.0349630117416382,,,,
160000,637,325.0,325.0,650.0,250,,,1.0349630117416382,,,,
160000,638,325.0,326.0,651.0,250,,,1.0349630117416382,,,,
160000,639,295.0,296.0,591.0,250,,,1.0349630117416382,,,,
162000,640,300.0,300.0,600.0,250,,,1.0189743041992188,,,,
162000,641,290.0,290.0,580.0,250,,,1.0189743041992188,,,,
162000,642,304.0,305.0,609.0,250,,,1.0189743041992188,,,,
162000,643,289.0,290.0,579.0,250,,,1.0189743041992188,,,,
162000,644,320.0,319.0,639.0,250,,,1.0189743041992188,,,,
162000,645,320.0,320.0,640.0,250,,,1.0189743041992188,,,,
162000,646,295.0,295.0,590.0,250,,,1.0189743041992188,,,,
162000,647,310.0,310.0,620.0,250,,,1.0189743041992188,,,,
164000,648,325.0,319.0,644.0,250,,,1.0108447074890137,,,,
164000,649,324.0,326.0,650.0,250,,,1.0108447074890137,,,,
164000,650,290.0,297.0,587.0,250,,,1.0108447074890137,,,,
164000,651,325.0,325.0,650.0,250,,,1.0108447074890137,,,,
164000,652,300.0,300.0,600.0,250,,,1.0108447074890137,,,,
164000,653,270.0,270.0,540.0,250,,,1.0108447074890137,,,,
164000,654,310.0,311.0,621.0,250,,,1.0108447074890137,,,,
164000,655,310.0,310.0,620.0,250,,,1.0108447074890137,,,,
166000,656,320.0,320.0,640.0,250,,,1.0166313648223877,,,,
166000,657,303.0,305.0,608.0,250,,,1.0166313648223877,,,,
166000,658,275.0,274.0,549.0,250,,,1.0166313648223877,,,,
166000,659,323.0,324.0,647.0,250,,,1.0166313648223877,,,,
166000,660,335.0,335.0,670.0,250,,,1.0166313648223877,,,,
166000,661,325.0,325.0,650.0,250,,,1.0166313648223877,,,,
166000,662,290.0,289.0,579.0,250,,,1.0166313648223877,,,,
166000,663,275.0,275.0,550.0,250,,,1.0166313648223877,,,,
168000,664,305.0,304.0,609.0,250,,,1.0340670347213745,,,,
168000,665,260.0,260.0,520.0,250,,,1.0340670347213745,,,,
168000,666,325.0,324.0,649.0,250,,,1.0340670347213745,,,,
168000,667,305.0,304.0,609.0,250,,,1.0340670347213745,,,,
168000,668,320.0,320.0,640.0,250,,,1.0340670347213745,,,,
168000,669,284.0,285.0,569.0,250,,,1.0340670347213745,,,,
168000,670,315.0,313.0,628.0,250,,,1.0340670347213745,,,,
168000,671,273.0,274.0,547.0,250,,,1.0340670347213745,,,,
170000,672,275.0,276.0,551.0,250,,,1.0151149034500122,,,,
170000,673,300.0,300.0,600.0,250,,,1.0151149034500122,,,,
170000,674,295.0,295.0,590.0,250,,,1.0151149034500122,,,,
170000,675,304.0,305.0,609.0,250,,,1.0151149034500122,,,,
170000,676,310.0,309.0,619.0,250,,,1.0151149034500122,,,,
170000,677,285.0,282.0,567.0,250,,,1.0151149034500122,,,,
170000,678,295.0,295.0,590.0,250,,,1.0151149034500122,,,,
170000,679,280.0,281.0,561.0,250,,,1.0151149034500122,,,,
172000,680,300.0,300.0,600.0,250,,,1.0402313470840454,,,,
172000,681,285.0,285.0,570.0,250,,,1.0402313470840454,,,,
172000,682,280.0,279.0,559.0,250,,,1.0402313470840454,,,,
172000,683,320.0,320.0,640.0,250,,,1.0402313470840454,,,,
172000,684,299.0,299.0,598.0,250,,,1.0402313470840454,,,,
172000,685,275.0,274.0,549.0,250,,,1.0402313470840454,,,,
172000,686,295.0,295.0,590.0,250,,,1.0402313470840454,,,,
172000,687,295.0,295.0,590.0,250,,,1.0402313470840454,,,,
174000,688,265.0,266.0,531.0,250,,,1.0253818035125732,,,,
174000,689,335.0,335.0,670.0,250,,,1.0253818035125732,,,,
174000,690,305.0,304.0,609.0,250,,,1.0253818035125732,,,,
174000,691,295.0,295.0,590.0,250,,,1.0253818035125732,,,,
174000,692,295.0,296.0,591.0,250,,,1.0253818035125732,,,,
174000,693,310.0,307.0,617.0,250,,,1.0253818035125732,,,,
174000,694,280.0,281.0,561.0,250,,,1.0253818035125732,,,,
174000,695,290.0,291.0,581.0,250,,,1.0253818035125732,,,,
176000,696,280.0,280.0,560.0,250,,,1.0795905590057373,,,,
176000,697,325.0,326.0,651.0,250,,,1.0795905590057373,,,,
176000,698,295.0,295.0,590.0,250,,,1.0795905590057373,,,,
176000,699,285.0,284.0,569.0,250,,,1.0795905590057373,,,,
176000,700,280.0,280.0,560.0,250,,,1.0795905590057373,,,,
176000,701,270.0,270.0,540.0,250,,,1.0795905590057373,,,,
176000,702,284.0,286.0,570.0,250,,,1.0795905590057373,,,,
176000,703,270.0,269.0,539.0,250,,,1.0795905590057373,,,,
178000,704,295.0,295.0,590.0,250,,,1.055875539779663,,,,
178000,705,275.0,275.0,550.0,250,,,1.055875539779663,,,,
178000,706,275.0,272.0,547.0,250,,,1.055875539779663,,,,
178000,707,280.0,279.0,559.0,250,,,1.055875539779663,,,,
178000,708,270.0,269.0,539.0,250,,,1.055875539779663,,,,
178000,709,280.0,280.0,560.0,250,,,1.055875539779663,,,,
178000,710,299.0,301.0,600.0,250,,,1.055875539779663,,,,
178000,711,314.0,315.0,629.0,250,,,1.055875539779663,,,,
180000,712,310.0,309.0,619.0,250,,,1.0570602416992188,,,,
180000,713,310.0,310.0,620.0,250,,,1.0570602416992188,,,,
180000,714,290.0,288.0,578.0,250,,,1.0570602416992188,,,,
180000,715,310.0,310.0,620.0,250,,,1.0570602416992188,,,,
180000,716,290.0,290.0,580.0,250,,,1.0570602416992188,,,,
180000,717,315.0,315.0,630.0,250,,,1.0570602416992188,,,,
180000,718,265.0,264.0,529.0,250,,,1.0570602416992188,,,,
180000,719,300.0,299.0,599.0,250,,,1.0570602416992188,,,,
182000,720,320.0,320.0,640.0,250,,,1.0470983982086182,,,,
182000,721,310.0,310.0,620.0,250,,,1.0470983982086182,,,,
182000,722,315.0,313.0,628.0,250,,,1.0470983982086182,,,,
182000,723,305.0,305.0,610.0,250,,,1.0470983982086182,,,,
182000,724,305.0,306.0,611.0,250,,,1.0470983982086182,,,,
182000,725,315.0,314.0,629.0,250,,,1.0470983982086182,,,,
182000,726,285.0,285.0,570.0,250,,,1.0470983982086182,,,,
182000,727,300.0,299.0,599.0,250,,,1.0470983982086182,,,,
184000,728,305.0,305.0,610.0,250,,,1.0602710247039795,,,,
184000,729,300.0,300.0,600.0,250,,,1.0602710247039795,,,,
184000,730,310.0,310.0,620.0,250,,,1.0602710247039795,,,,
184000,731,255.0,255.0,510.0,250,,,1.0602710247039795,,,,
184000,732,300.0,300.0,600.0,250,,,1.0602710247039795,,,,
184000,733,325.0,325.0,650.0,250,,,1.0602710247039795,,,,
184000,734,275.0,275.0,550.0,250,,,1.0602710247039795,,,,
184000,735,305.0,306.0,611.0,250,,,1.0602710247039795,,,,
186000,736,275.0,275.0,550.0,250,,,1.078691005706787,,,,
186000,737,315.0,316.0,631.0,250,,,1.078691005706787,,,,
186000,738,345.0,343.0,688.0,250,,,1.078691005706787,,,,
186000,739,305.0,305.0,610.0,250,,,1.078691005706787,,,,
186000,740,270.0,270.0,540.0,250,,,1.078691005706787,,,,
186000,741,270.0,271.0,541.0,250,,,1.078691005706787,,,,
186000,742,330.0,330.0,660.0,250,,,1.078691005706787,,,,
186000,743,285.0,286.0,571.0,250,,,1.078691005706787,,,,
188000,744,270.0,271.0,541.0,250,,,1.0598822832107544,,,,
188000,745,305.0,305.0,610.0,250,,,1.0598822832107544,,,,
188000,746,280.0,280.0,560.0,250,,,1.0598822832107544,,,,
188000,747,300.0,298.0,598.0,250,,,1.0598822832107544,,,,
188000,748,320.0,320.0,640.0,250,,,1.0598822832107544,,,,
188000,749,285.0,284.0,569.0,250,,,1.0598822832107544,,,,
188000,750,295.0,296.0,591.0,250,,,1.0598822832107544,,,,
188000,751,300.0,298.0,598.0,250,,,1.0598822832107544,,,,
190000,752,295.0,296.0,591.0,250,,,1.0382695198059082,,,,
190000,753,290.0,290.0,580.0,250,,,1.0382695198059082,,,,
190000,754,289.0,290.0,579.0,250,,,1.0382695198059082,,,,
190000,755,270.0,270.0,540.0,250,,,1.0382695198059082,,,,
190000,756,280.0,282.0,562.0,250,,,1.0382695198059082,,,,
190000,757,290.0,289.0,579.0,250,,,1.0382695198059082,,,,
190000,758,305.0,305.0,610.0,250,,,1.0382695198059082,,,,
190000,759,290.0,290.0,580.0,250,,,1.0382695198059082,,,,
192000,760,300.0,299.0,599.0,250,,,1.0455002784729004,,,,
192000,761,280.0,280.0,560.0,250,,,1.0455002784729004,,,,
192000,762,315.0,314.0,629.0,250,,,1.0455002784729004,,,,
192000,763,285.0,285.0,570.0,250,,,1.0455002784729004,,,,
192000,764,330.0,328.0,658.0,250,,,1.0455002784729004,,,,
192000,765,305.0,305.0,610.0,250,,,1.0455002784729004,,,,
192000,766,310.0,307.0,617.0,250,,,1.0455002784729004,,,,
192000,767,320.0,320.0,640.0,250,,,1.0455002784729004,,,,
194000,768,285.0,286.0,571.0,250,,,1.045842170715332,,,,
194000,769,300.0,300.0,600.0,250,,,1.045842170715332,,,,
194000,770,275.0,275.0,550.0,250,,,1.045842170715332,,,,
194000,771,305.0,303.0,608.0,250,,,1.045842170715332,,,,
194000,772,314.0,316.0,630.0,250,,,1.045842170715332,,,,
194000,773,275.0,275.0,550.0,250,,,1.045842170715332,,,,
194000,774,295.0,295.0,590.0,250,,,1.045842170715332,,,,
194000,775,294.0,295.0,589.0,250,,,1.045842170715332,,,,
196000,776,280.0,280.0,560.0,250,,,1.007971167564392,,,,
196000,777,285.0,285.0,570.0,250,,,1.007971167564392,,,,
196000,778,300.0,300.0,600.0,250,,,1.007971167564392,,,,
196000,779,333.0,336.0,669.0,250,,,1.007971167564392,,,,
196000,780,280.0,281.0,561.0,250,,,1.007971167564392,,,,
196000,781,305.0,305.0,610.0,250,,,1.007971167564392,,,,
196000,782,290.0,290.0,580.0,250,,,1.007971167564392,,,,
196000,783,325.0,319.0,644.0,250,,,1.007971167564392,,,,
198000,784,285.0,284.0,569.0,250,,,0.9642897248268127,,,,
198000,785,300.0,301.0,601.0,250,,,0.9642897248268127,,,,
198000,786,290.0,290.0,580.0,250,,,0.9642897248268127,,,,
198000,787,289.0,290.0,579.0,250,,,0.9642897248268127,,,,
198000,788,295.0,295.0,590.0,250,,,0.9642897248268127,,,,
198000,789,310.0,309.0,619.0,250,,,0.9642897248268127,,,,
198000,790,295.0,295.0,590.0,250,,,0.9642897248268127,,,,
198000,791,295.0,294.0,589.0,250,,,0.9642897248268127,,,,
200000,792,280.0,278.0,558.0,250,,,0.9362936615943909,,,,
200000,793,295.0,296.0,591.0,250,,,0.9362936615943909,,,,
200000,794,330.0,329.0,659.0,250,,,0.9362936615943909,,,,
200000,795,295.0,295.0,590.0,250,,,0.9362936615943909,,,,
200000,796,298.0,300.0,598.0,250,,,0.9362936615943909,,,,
200000,797,305.0,306.0,611.0,250,,,0.9362936615943909,,,,
200000,798,289.0,290.0,579.0,250,,,0.9362936615943909,,,,
200000,799,313.0,315.0,628.0,250,,,0.9362936615943909,,,,
202000,800,255.0,254.0,509.0,250,,,0.978813111782074,,,,
202000,801,305.0,305.0,610.0,250,,,0.978813111782074,,,,
202000,802,290.0,289.0,579.0,250,,,0.978813111782074,,,,
202000,803,300.0,299.0,599.0,250,,,0.978813111782074,,,,
202000,804,290.0,290.0,580.0,250,,,0.978813111782074,,,,
202000,805,280.0,280.0,560.0,250,,,0.978813111782074,,,,
202000,806,260.0,260.0,520.0,250,,,0.978813111782074,,,,
202000,807,300.0,300.0,600.0,250,,,0.978813111782074,,,,
204000,808,325.0,324.0,649.0,250,,,0.9447919726371765,,,,
204000,809,295.0,295.0,590.0,250,,,0.9447919726371765,,,,
204000,810,310.0,310.0,620.0,250,,,0.9447919726371765,,,,
204000,811,300.0,299.0,599.0,250,,,0.9447919726371765,,,,
204000,812,277.0,280.0,557.0,250,,,0.9447919726371765,,,,
204000,813,305.0,305.0,610.0,250,,,0.9447919726371765,,,,
204000,814,260.0,260.0,520.0,250,,,0.9447919726371765,,,,
204000,815,335.0,335.0,670.0,250,,,0.9447919726371765,,,,
206000,816,315.0,315.0,630.0,250,,,0.9554902911186218,,,,
206000,817,315.0,314.0,629.0,250,,,0.9554902911186218,,,,
206000,818,310.0,311.0,621.0,250,,,0.9554902911186218,,,,
206000,819,310.0,310.0,620.0,250,,,0.9554902911186218,,,,
206000,820,295.0,295.0,590.0,250,,,0.9554902911186218,,,,
206000,821,275.0,274.0,549.0,250,,,0.9554902911186218,,,,
206000,822,320.0,320.0,640.0,250,,,0.9554902911186218,,,,
206000,823,305.0,306.0,611.0,250,,,0.9554902911186218,,,,
208000,824,295.0,295.0,590.0,250,,,0.9812871217727661,,,,
208000,825,285.0,284.0,569.0,250,,,0.9812871217727661,,,,
208000,826,280.0,281.0,561.0,250,,,0.9812871217727661,,,,
208000,827,279.0,281.0,560.0,250,,,0.9812871217727661,,,,
208000,828,290.0,291.0,581.0,250,,,0.9812871217727661,,,,
208000,829,300.0,300.0,600.0,250,,,0.9812871217727661,,,,
208000,830,328.0,330.0,658.0,250,,,0.9812871217727661,,,,
208000,831,300.0,302.0,602.0,250,,,0.9812871217727661,,,,
210000,832,275.0,276.0,551.0,250,,,0.983903169631958,,,,
210000,833,288.0,290.0,578.0,250,,,0.983903169631958,,,,
210000,834,295.0,295.0,590.0,250,,,0.983903169631958,,,,
210000,835,314.0,316.0,630.0,250,,,0.983903169631958,,,,
210000,836,290.0,288.0,578.0,250,,,0.983903169631958,,,,
210000,837,340.0,339.0,679.0,250,,,0.983903169631958,,,,
210000,838,305.0,304.0,609.0,250,,,0.983903169631958,,,,
210000,839,325.0,323.0,648.0,250,,,0.983903169631958,,,,
212000,840,290.0,291.0,581.0,250,,,1.0057787895202637,,,,
212000,841,320.0,315.0,635.0,250,,,1.0057787895202637,,,,
212000,842,320.0,321.0,641.0,250,,,1.0057787895202637,,,,
212000,843,295.0,294.0,589.0,250,,,1.0057787895202637,,,,
212000,844,300.0,300.0,600.0,250,,,1.0057787895202637,,,,
212000,845,255.0,255.0,510.0,250,,,1.0057787895202637,,,,
212000,846,310.0,308.0,618.0,250,,,1.0057787895202637,,,,
212000,847,325.0,324.0,649.0,250,,,1.0057787895202637,,,,
214000,848,325.0,325.0,650.0,250,,,1.0254700183868408,,,,
214000,849,289.0,291.0,580.0,250,,,1.0254700183868408,,,,
214000,850,305.0,305.0,610.0,250,,,1.0254700183868408,,,,
214000,851,295.0,295.0,590.0,250,,,1.0254700183868408,,,,
214000,852,320.0,319.0,639.0,250,,,1.0254700183868408,,,,
214000,853,305.0,304.0,609.0,250,,,1.0254700183868408,,,,
214000,854,300.0,301.0,601.0,250,,,1.0254700183868408,,,,
214000,855,305.0,304.0,609.0,250,,,1.0254700183868408,,,,
216000,856,310.0,309.0,619.0,250,,,1.0413529872894287,,,,
216000,857,315.0,315.0,630.0,250,,,1.0413529872894287,,,,
216000,858,295.0,296.0,591.0,250,,,1.0413529872894287,,,,
216000,859,315.0,314.0,629.0,250,,,1.0413529872894287,,,,
216000,860,330.0,330.0,660.0,250,,,1.0413529872894287,,,,
216000,861,295.0,296.0,591.0,250,,,1.0413529872894287,,,,
216000,862,325.0,325.0,650.0,250,,,1.0413529872894287,,,,
216000,863,290.0,290.0,580.0,250,,,1.0413529872894287,,,,
218000,864,294.0,294.0,588.0,250,,,1.003269910812378,,,,
218000,865,325.0,325.0,650.0,250,,,1.003269910812378,,,,
218000,866,320.0,320.0,640.0,250,,,1.003269910812378,,,,
218000,867,280.0,281.0,561.0,250,,,1.003269910812378,,,,
218000,868,288.0,290.0,578.0,250,,,1.003269910812378,,,,
218000,869,270.0,269.0,539.0,250,,,1.003269910812378,,,,
218000,870,305.0,305.0,610.0,250,,,1.003269910812378,,,,
218000,871,285.0,285.0,570.0,250,,,1.003269910812378,,,,
220000,872,320.0,320.0,640.0,250,,,1.0308506488800049,,,,
220000,873,303.0,303.0,606.0,250,,,1.0308506488800049,,,,
220000,874,345.0,345.0,690.0,250,,,1.0308506488800049,,,,
220000,875,260.0,260.0,520.0,250,,,1.0308506488800049,,,,
220000,876,310.0,311.0,621.0,250,,,1.0308506488800049,,,,
220000,877,320.0,320.0,640.0,250,,,1.0308506488800049,,,,
220000,878,305.0,296.0,601.0,250,,,1.0308506488800049,,,,
220000,879,320.0,319.0,639.0,250,,,1.0308506488800049,,,,
222000,880,280.0,280.0,560.0,250,,,1.0429108142852783,,,,
222000,881,295.0,295.0,590.0,250,,,1.0429108142852783,,,,
222000,882,255.0,260.0,515.0,250,,,1.0429108142852783,,,,
222000,883,345.0,345.0,690.0,250,,,1.0429108142852783,,,,
222000,884,305.0,305.0,610.0,250,,,1.0429108142852783,,,,
222000,885,319.0,320.0,639.0,250,,,1.0429108142852783,,,,
222000,886,265.0,265.0,530.0,250,,,1.0429108142852783,,,,
222000,887,289.0,290.0,579.0,250,,,1.0429108142852783,,,,
224000,888,300.0,300.0,600.0,250,,,1.0218665599822998,,,,
224000,889,295.0,294.0,589.0,250,,,1.0218665599822998,,,,
224000,890,305.0,304.0,609.0,250,,,1.0218665599822998,,,,
224000,891,320.0,322.0,642.0,250,,,1.0218665599822998,,,,
224000,892,310.0,310.0,620.0,250,,,1.0218665599822998,,,,
224000,893,295.0,294.0,589.0,250,,,1.0218665599822998,,,,
224000,894,300.0,300.0,600.0,250,,,1.0218665599822998,,,,
224000,895,305.0,306.0,611.0,250,,,1.0218665599822998,,,,
226000,896,265.0,266.0,531.0,250,,,1.0002262592315674,,,,
226000,897,310.0,312.0,622.0,250,,,1.0002262592315674,,,,
226000,898,265.0,264.0,529.0,250,,,1.0002262592315674,,,,
226000,899,300.0,300.0,600.0,250,,,1.0002262592315674,,,,
226000,900,280.0,280.0,560.0,250,,,1.0002262592315674,,,,
226000,901,265.0,265.0,530.0,250,,,1.0002262592315674,,,,
226000,902,319.0,320.0,639.0,250,,,1.0002262592315674,,,,
226000,903,290.0,291.0,581.0,250,,,1.0002262592315674,,,,
228000,904,275.0,274.0,549.0,250,,,0.9992704391479492,,,,
228000,905,310.0,310.0,620.0,250,,,0.9992704391479492,,,,
228000,906,269.0,270.0,539.0,250,,,0.9992704391479492,,,,
228000,907,300.0,301.0,601.0,250,,,0.9992704391479492,,,,
228000,908,335.0,334.0,669.0,250,,,0.9992704391479492,,,,
228000,909,265.0,265.0,530.0,250,,,0.9992704391479492,,,,
228000,910,290.0,291.0,581.0,250,,,0.9992704391479492,,,,
228000,911,290.0,288.0,578.0,250,,,0.9992704391479492,,,,
230000,912,285.0,282.0,567.0,250,,,1.0028376579284668,,,,
230000,913,250.0,251.0,501.0,250,,,1.0028376579284668,,,,
230000,914,305.0,305.0,610.0,250,,,1.0028376579284668,,,,
230000,915,295.0,296.0,591.0,250,,,1.0028376579284668,,,,
230000,916,305.0,305.0,610.0,250,,,1.0028376579284668,,,,
230000,917,275.0,275.0,550.0,250,,,1.0028376579284668,,,,
230000,918,305.0,306.0,611.0,250,,,1.0028376579284668,,,,
230000,919,330.0,329.0,659.0,250,,,1.0028376579284668,,,,
232000,920,288.0,296.0,584.0,250,,,1.044136643409729,,,,
232000,921,305.0,306.0,611.0,250,,,1.044136643409729,,,,
232000,922,318.0,326.0,644.0,250,,,1.044136643409729,,,,
232000,923,310.0,311.0,621.0,250,,,1.044136643409729,,,,
232000,924,300.0,299.0,599.0,250,,,1.044136643409729,,,,
232000,925,320.0,320.0,640.0,250,,,1.044136643409729,,,,
232000,926,300.0,301.0,601.0,250,,,1.044136643409729,,,,
232000,927,310.0,308.0,618.0,250,,,1.044136643409729,,,,
234000,928,290.0,290.0,580.0,250,,,1.0653742551803589,,,,
234000,929,313.0,315.0,628.0,250,,,1.0653742551803589,,,,
234000,930,315.0,314.0,629.0,250,,,1.0653742551803589,,,,
234000,931,305.0,304.0,609.0,250,,,1.0653742551803589,,,,
234000,932,305.0,305.0,610.0,250,,,1.0653742551803589,,,,
234000,933,325.0,325.0,650.0,250,,,1.0653742551803589,,,,
234000,934,300.0,301.0,601.0,250,,,1.0653742551803589,,,,
234000,935,320.0,321.0,641.0,250,,,1.0653742551803589,,,,
236000,936,295.0,294.0,589.0,250,,,1.059654951095581,,,,
236000,937,290.0,290.0,580.0,250,,,1.059654951095581,,,,
236000,938,295.0,292.0,587.0,250,,,1.059654951095581,,,,
236000,939,315.0,316.0,631.0,250,,,1.059654951095581,,,,
236000,940,335.0,334.0,669.0,250,,,1.059654951095581,,,,
236000,941,355.0,354.0,709.0,250,,,1.059654951095581,,,,
236000,942,280.0,280.0,560.0,250,,,1.059654951095581,,,,
236000,943,285.0,286.0,571.0,250,,,1.059654951095581,,,,
238000,944,340.0,341.0,681.0,250,,,1.0543255805969238,,,,
238000,945,330.0,330.0,660.0,250,,,1.0543255805969238,,,,
238000,946,335.0,334.0,669.0,250,,,1.0543255805969238,,,,
238000,947,265.0,265.0,530.0,250,,,1.0543255805969238,,,,
238000,948,305.0,305.0,610.0,250,,,1.0543255805969238,,,,
238000,949,330.0,329.0,659.0,250,,,1.0543255805969238,,,,
238000,950,315.0,315.0,630.0,250,,,1.0543255805969238,,,,
238000,951,305.0,305.0,610.0,250,,,1.0543255805969238,,,,
240000,952,270.0,275.0,545.0,250,,,1.076467752456665,,,,
240000,953,295.0,295.0,590.0,250,,,1.076467752456665,,,,
240000,954,335.0,334.0,669.0,250,,,1.076467752456665,,,,
240000,955,300.0,299.0,599.0,250,,,1.076467752456665,,,,
240000,956,300.0,299.0,599.0,250,,,1.076467752456665,,,,
240000,957,330.0,328.0,658.0,250,,,1.076467752456665,,,,
240000,958,295.0,295.0,590.0,250,,,1.076467752456665,,,,
240000,959,273.0,275.0,548.0,250,,,1.076467752456665,,,,
242000,960,290.0,290.0,580.0,250,,,1.0654988288879395,,,,
242000,961,299.0,300.0,599.0,250,,,1.0654988288879395,,,,
242000,962,270.0,270.0,540.0,250,,,1.0654988288879395,,,,
242000,963,310.0,310.0,620.0,250,,,1.0654988288879395,,,,
242000,964,290.0,288.0,578.0,250,,,1.0654988288879395,,,,
242000,965,334.0,335.0,669.0,250,,,1.0654988288879395,,,,
242000,966,330.0,330.0,660.0,250,,,1.0654988288879395,,,,
242000,967,290.0,290.0,580.0,250,,,1.0654988288879395,,,,
244000,968,300.0,301.0,601.0,250,,,1.0528720617294312,,,,
244000,969,282.0,284.0,566.0,250,,,1.0528720617294312,,,,
244000,970,285.0,285.0,570.0,250,,,1.0528720617294312,,,,
244000,971,285.0,284.0,569.0,250,,,1.0528720617294312,,,,
244000,972,325.0,325.0,650.0,250,,,1.0528720617294312,,,,
244000,973,315.0,315.0,630.0,250,,,1.0528720617294312,,,,
244000,974,300.0,298.0,598.0,250,,,1.0528720617294312,,,,
244000,975,285.0,286.0,571.0,250,,,1.0528720617294312,,,,
246000,976,285.0,285.0,570.0,250,,,1.0702197551727295,,,,
246000,977,295.0,294.0,589.0,250,,,1.0702197551727295,,,,
246000,978,310.0,309.0,619.0,250,,,1.0702197551727295,,,,
246000,979,285.0,284.0,569.0,250,,,1.0702197551727295,,,,
246000,980,295.0,295.0,590.0,250,,,1.0702197551727295,,,,
246000,981,305.0,305.0,610.0,250,,,1.0702197551727295,,,,
246000,982,267.0,271.0,538.0,250,,,1.0702197551727295,,,,
246000,983,300.0,300.0,600.0,250,,,1.0702197551727295,,,,
248000,984,265.0,263.0,528.0,250,,,1.0481420755386353,,,,
248000,985,294.0,296.0,590.0,250,,,1.0481420755386353,,,,
248000,986,295.0,295.0,590.0,250,,,1.0481420755386353,,,,
248000,987,310.0,311.0,621.0,250,,,1.0481420755386353,,,,
248000,988,285.0,284.0,569.0,250,,,1.0481420755386353,,,,
248000,989,315.0,314.0,629.0,250,,,1.0481420755386353,,,,
248000,990,300.0,300.0,600.0,250,,,1.0481420755386353,,,,
248000,991,290.0,290.0,580.0,250,,,1.0481420755386353,,,,
250000,992,330.0,330.0,660.0,250,,,1.0594974756240845,,,,
250000,993,311.0,314.0,625.0,250,,,1.0594974756240845,,,,
250000,994,315.0,313.0,628.0,250,,,1.0594974756240845,,,,
250000,995,285.0,284.0,569.0,250,,,1.0594974756240845,,,,
250000,996,345.0,344.0,689.0,250,,,1.0594974756240845,,,,
250000,997,285.0,284.0,569.0,250,,,1.0594974756240845,,,,
250000,998,296.0,301.0,597.0,250,,,1.0594974756240845,,,,
250000,999,300.0,299.0,599.0,250,,,1.0594974756240845,,,,
252000,1000,340.0,338.0,678.0,250,,,1.0671415328979492,,,,
252000,1001,320.0,319.0,639.0,250,,,1.0671415328979492,,,,
252000,1002,305.0,305.0,610.0,250,,,1.0671415328979492,,,,
252000,1003,285.0,285.0,570.0,250,,,1.0671415328979492,,,,
252000,1004,259.0,264.0,523.0,250,,,1.0671415328979492,,,,
252000,1005,234.0,246.0,480.0,250,,,1.0671415328979492,,,,
252000,1006,295.0,293.0,588.0,250,,,1.0671415328979492,,,,
252000,1007,330.0,331.0,661.0,250,,,1.0671415328979492,,,,
254000,1008,290.0,290.0,580.0,250,,,1.0537729263305664,,,,
254000,1009,300.0,300.0,600.0,250,,,1.0537729263305664,,,,
254000,1010,290.0,289.0,579.0,250,,,1.0537729263305664,,,,
254000,1011,285.0,284.0,569.0,250,,,1.0537729263305664,,,,
254000,1012,265.0,265.0,530.0,250,,,1.0537729263305664,,,,
254000,1013,325.0,325.0,650.0,250,,,1.0537729263305664,,,,
254000,1014,300.0,300.0,600.0,250,,,1.0537729263305664,,,,
254000,1015,270.0,270.0,540.0,250,,,1.0537729263305664,,,,
256000,1016,315.0,311.0,626.0,250,0.006744483591319295,,1.037121295928955,0.0019174504325616707,0.002197265625,-0.0031262723059626296,0.009870755897281924
256000,1017,307.0,309.0,616.0,250,0.006744483591319295,,1.037121295928955,0.0019174504325616707,0.002197265625,-0.0031262723059626296,0.009870755897281924
256000,1018,300.0,298.0,598.0,250,0.006744483591319295,,1.037121295928955,0.0019174504325616707,0.002197265625,-0.0031262723059626296,0.009870755897281924
256000,1019,315.0,315.0,630.0,250,0.006744483591319295,,1.037121295928955,0.0019174504325616707,0.002197265625,-0.0031262723059626296,0.009870755897281924
256000,1020,315.0,315.0,630.0,250,0.006744483591319295,,1.037121295928955,0.0019174504325616707,0.002197265625,-0.0031262723059626296,0.009870755897281924
256000,1021,335.0,334.0,669.0,250,0.006744483591319295,,1.037121295928955,0.0019174504325616707,0.002197265625,-0.0031262723059626296,0.009870755897281924
256000,1022,335.0,334.0,669.0,250,0.006744483591319295,,1.037121295928955,0.0019174504325616707,0.002197265625,-0.0031262723059626296,0.009870755897281924
256000,1023,300.0,300.0,600.0,250,0.006744483591319295,,1.037121295928955,0.0019174504325616707,0.002197265625,-0.0031262723059626296,0.009870755897281924
258000,1024,295.0,295.0,590.0,250,,,1.073807954788208,,,,
258000,1025,285.0,283.0,568.0,250,,,1.073807954788208,,,,
258000,1026,315.0,315.0,630.0,250,,,1.073807954788208,,,,
258000,1027,303.0,308.0,611.0,250,,,1.073807954788208,,,,
258000,1028,285.0,281.0,566.0,250,,,1.073807954788208,,,,
258000,1029,295.0,291.0,586.0,250,,,1.073807954788208,,,,
258000,1030,310.0,310.0,620.0,250,,,1.073807954788208,,,,
258000,1031,295.0,293.0,588.0,250,,,1.073807954788208,,,,
260000,1032,310.0,311.0,621.0,250,,,1.063232183456421,,,,
260000,1033,325.0,322.0,647.0,250,,,1.063232183456421,,,,
260000,1034,280.0,280.0,560.0,250,,,1.063232183456421,,,,
260000,1035,284.0,286.0,570.0,250,,,1.063232183456421,,,,
260000,1036,317.0,320.0,637.0,250,,,1.063232183456421,,,,
260000,1037,305.0,306.0,611.0,250,,,1.063232183456421,,,,
260000,1038,285.0,284.0,569.0,250,,,1.063232183456421,,,,
260000,1039,290.0,289.0,579.0,250,,,1.063232183456421,,,,
262000,1040,270.0,270.0,540.0,250,,,1.0041677951812744,,,,
262000,1041,290.0,290.0,580.0,250,,,1.0041677951812744,,,,
262000,1042,305.0,305.0,610.0,250,,,1.0041677951812744,,,,
262000,1043,290.0,290.0,580.0,250,,,1.0041677951812744,,,,
262000,1044,291.0,291.0,582.0,250,,,1.0041677951812744,,,,
262000,1045,285.0,285.0,570.0,250,,,1.0041677951812744,,,,
262000,1046,274.0,276.0,550.0,250,,,1.0041677951812744,,,,
262000,1047,310.0,309.0,619.0,250,,,1.0041677951812744,,,,
264000,1048,245.0,245.0,490.0,250,,,1.0006581544876099,,,,
264000,1049,275.0,275.0,550.0,250,,,1.0006581544876099,,,,
264000,1050,285.0,285.0,570.0,250,,,1.0006581544876099,,,,
264000,1051,299.0,302.0,601.0,250,,,1.0006581544876099,,,,
264000,1052,315.0,315.0,630.0,250,,,1.0006581544876099,,,,
264000,1053,320.0,320.0,640.0,250,,,1.0006581544876099,,,,
264000,1054,289.0,287.0,576.0,250,,,1.0006581544876099,,,,
264000,1055,310.0,309.0,619.0,250,,,1.0006581544876099,,,,
266000,1056,285.0,285.0,570.0,250,,,1.0082879066467285,,,,
266000,1057,285.0,285.0,570.0,250,,,1.0082879066467285,,,,
266000,1058,300.0,300.0,600.0,250,,,1.0082879066467285,,,,
266000,1059,280.0,277.0,557.0,250,,,1.0082879066467285,,,,
266000,1060,285.0,285.0,570.0,250,,,1.0082879066467285,,,,
266000,1061,280.0,280.0,560.0,250,,,1.0082879066467285,,,,
266000,1062,305.0,305.0,610.0,250,,,1.0082879066467285,,,,
266000,1063,285.0,282.0,567.0,250,,,1.0082879066467285,,,,
268000,1064,285.0,284.0,569.0,250,,,1.0452251434326172,,,,
268000,1065,319.0,320.0,639.0,250,,,1.0452251434326172,,,,
268000,1066,295.0,296.0,591.0,250,,,1.0452251434326172,,,,
268000,1067,276.0,281.0,557.0,250,,,1.0452251434326172,,,,
268000,1068,310.0,309.0,619.0,250,,,1.0452251434326172,,,,
268000,1069,250.0,248.0,498.0,250,,,1.0452251434326172,,,,
268000,1070,299.0,303.0,602.0,250,,,1.0452251434326172,,,,
268000,1071,277.0,280.0,557.0,250,,,1.0452251434326172,,,,
270000,1072,314.0,314.0,628.0,250,,,1.0743581056594849,,,,
270000,1073,310.0,308.0,618.0,250,,,1.0743581056594849,,,,
270000,1074,310.0,311.0,621.0,250,,,1.0743581056594849,,,,
270000,1075,305.0,304.0,609.0,250,,,1.0743581056594849,,,,
270000,1076,272.0,275.0,547.0,250,,,1.0743581056594849,,,,
270000,1077,300.0,301.0,601.0,250,,,1.0743581056594849,,,,
270000,1078,325.0,324.0,649.0,250,,,1.0743581056594849,,,,
270000,1079,295.0,295.0,590.0,250,,,1.0743581056594849,,,,
272000,1080,300.0,301.0,601.0,250,,,1.0452628135681152,,,,
272000,1081,340.0,340.0,680.0,250,,,1.0452628135681152,,,,
272000,1082,290.0,290.0,580.0,250,,,1.0452628135681152,,,,
272000,1083,310.0,311.0,621.0,250,,,1.0452628135681152,,,,
272000,1084,293.0,296.0,589.0,250,,,1.0452628135681152,,,,
272000,1085,315.0,314.0,629.0,250,,,1.0452628135681152,,,,
272000,1086,300.0,299.0,599.0,250,,,1.0452628135681152,,,,
272000,1087,240.0,240.0,480.0,250,,,1.0452628135681152,,,,
274000,1088,294.0,295.0,589.0,250,,,1.0555174350738525,,,,
274000,1089,285.0,286.0,571.0,250,,,1.0555174350738525,,,,
274000,1090,340.0,341.0,681.0,250,,,1.0555174350738525,,,,
274000,1091,305.0,305.0,610.0,250,,,1.0555174350738525,,,,
274000,1092,290.0,290.0,580.0,250,,,1.0555174350738525,,,,
274000,1093,335.0,332.0,667.0,250,,,1.0555174350738525,,,,
274000,1094,295.0,292.0,587.0,250,,,1.0555174350738525,,,,
274000,1095,260.0,259.0,519.0,250,,,1.0555174350738525,,,,
276000,1096,320.0,320.0,640.0,250,,,1.0371432304382324,,,,
276000,1097,305.0,304.0,609.0,250,,,1.0371432304382324,,,,
276000,1098,299.0,301.0,600.0,250,,,1.0371432304382324,,,,
276000,1099,310.0,310.0,620.0,250,,,1.0371432304382324,,,,
276000,1100,300.0,301.0,601.0,250,,,1.0371432304382324,,,,
276000,1101,305.0,306.0,611.0,250,,,1.0371432304382324,,,,
276000,1102,280.0,280.0,560.0,250,,,1.0371432304382324,,,,
276000,1103,275.0,280.0,555.0,250,,,1.0371432304382324,,,,
278000,1104,315.0,315.0,630.0,250,,,1.0190513134002686,,,,
278000,1105,295.0,294.0,589.0,250,,,1.0190513134002686,,,,
278000,1106,248.0,249.0,497.0,250,,,1.0190513134002686,,,,
278000,1107,300.0,300.0,600.0,250,,,1.0190513134002686,,,,
278000,1108,330.0,331.0,661.0,250,,,1.0190513134002686,,,,
278000,1109,320.0,320.0,640.0,250,,,1.0190513134002686,,,,
278000,1110,325.0,326.0,651.0,250,,,1.0190513134002686,,,,
278000,1111,310.0,310.0,620.0,250,,,1.0190513134002686,,,,
280000,1112,320.0,320.0,640.0,250,,,1.0325355529785156,,,,
280000,1113,325.0,325.0,650.0,250,,,1.0325355529785156,,,,
280000,1114,290.0,290.0,580.0,250,,,1.0325355529785156,,,,
280000,1115,285.0,284.0,569.0,250,,,1.0325355529785156,,,,
280000,1116,295.0,294.0,589.0,250,,,1.0325355529785156,,,,
280000,1117,270.0,270.0,540.0,250,,,1.0325355529785156,,,,
280000,1118,290.0,289.0,579.0,250,,,1.0325355529785156,,,,
280000,1119,299.0,301.0,600.0,250,,,1.0325355529785156,,,,
282000,1120,305.0,306.0,611.0,250,,,1.0664870738983154,,,,
282000,1121,270.0,268.0,538.0,250,,,1.0664870738983154,,,,
282000,1122,295.0,296.0,591.0,250,,,1.0664870738983154,,,,
282000,1123,300.0,299.0,599.0,250,,,1.0664870738983154,,,,
282000,1124,260.0,260.0,520.0,250,,,1.0664870738983154,,,,
282000,1125,310.0,309.0,619.0,250,,,1.0664870738983154,,,,
282000,1126,304.0,307.0,611.0,250,,,1.0664870738983154,,,,
282000,1127,315.0,314.0,629.0,250,,,1.0664870738983154,,,,
284000,1128,315.0,316.0,631.0,250,,,1.052925944328308,,,,
284000,1129,290.0,290.0,580.0,250,,,1.052925944328308,,,,
284000,1130,310.0,310.0,620.0,250,,,1.052925944328308,,,,
284000,1131,296.0,292.0,588.0,250,,,1.052925944328308,,,,
284000,1132,260.0,260.0,520.0,250,,,1.052925944328308,,,,
284000,1133,290.0,290.0,580.0,250,,,1.052925944328308,,,,
284000,1134,320.0,319.0,639.0,250,,,1.052925944328308,,,,
284000,1135,293.0,295.0,588.0,250,,,1.052925944328308,,,,
286000,1136,290.0,290.0,580.0,250,,,1.059908390045166,,,,
286000,1137,310.0,310.0,620.0,250,,,1.059908390045166,,,,
286000,1138,345.0,345.0,690.0,250,,,1.059908390045166,,,,
286000,1139,310.0,309.0,619.0,250,,,1.059908390045166,,,,
286000,1140,335.0,335.0,670.0,250,,,1.059908390045166,,,,
286000,1141,340.0,340.0,680.0,250,,,1.059908390045166,,,,
286000,1142,275.0,274.0,549.0,250,,,1.059908390045166,,,,
286000,1143,275.0,276.0,551.0,250,,,1.059908390045166,,,,
288000,1144,315.0,315.0,630.0,250,,,1.0617189407348633,,,,
288000,1145,278.0,280.0,558.0,250,,,1.0617189407348633,,,,
288000,1146,290.0,291.0,581.0,250,,,1.0617189407348633,,,,
288000,1147,310.0,308.0,618.0,250,,,1.0617189407348633,,,,
288000,1148,315.0,312.0,627.0,250,,,1.0617189407348633,,,,
288000,1149,315.0,314.0,629.0,250,,,1.0617189407348633,,,,
288000,1150,305.0,305.0,610.0,250,,,1.0617189407348633,,,,
288000,1151,295.0,296.0,591.0,250,,,1.0617189407348633,,,,
290000,1152,300.0,299.0,599.0,250,,,1.0583922863006592,,,,
290000,1153,340.0,339.0,679.0,250,,,1.0583922863006592,,,,
290000,1154,290.0,290.0,580.0,250,,,1.0583922863006592,,,,
290000,1155,295.0,294.0,589.0,250,,,1.0583922863006592,,,,
290000,1156,295.0,295.0,590.0,250,,,1.0583922863006592,,,,
290000,1157,315.0,315.0,630.0,250,,,1.0583922863006592,,,,
290000,1158,305.0,304.0,609.0,250,,,1.0583922863006592,,,,
290000,1159,305.0,304.0,609.0,250,,,1.0583922863006592,,,,
292000,1160,300.0,299.0,599.0,250,,,1.0799109935760498,,,,
292000,1161,320.0,319.0,639.0,250,,,1.0799109935760498,,,,
292000,1162,279.0,284.0,563.0,250,,,1.0799109935760498,,,,
292000,1163,280.0,280.0,560.0,250,,,1.0799109935760498,,,,
292000,1164,320.0,317.0,637.0,250,,,1.0799109935760498,,,,
292000,1165,320.0,320.0,640.0,250,,,1.0799109935760498,,,,
292000,1166,320.0,320.0,640.0,250,,,1.0799109935760498,,,,
292000,1167,315.0,315.0,630.0,250,,,1.0799109935760498,,,,
294000,1168,310.0,309.0,619.0,250,,,1.0715010166168213,,,,
294000,1169,295.0,296.0,591.0,250,,,1.0715010166168213,,,,
294000,1170,320.0,320.0,640.0,250,,,1.0715010166168213,,,,
294000,1171,265.0,264.0,529.0,250,,,1.0715010166168213,,,,
294000,1172,293.0,294.0,587.0,250,,,1.0715010166168213,,,,
294000,1173,320.0,320.0,640.0,250,,,1.0715010166168213,,,,
294000,1174,310.0,310.0,620.0,250,,,1.0715010166168213,,,,
294000,1175,310.0,311.0,621.0,250,,,1.0715010166168213,,,,
296000,1176,285.0,285.0,570.0,250,,,1.0852059125900269,,,,
296000,1177,280.0,280.0,560.0,250,,,1.0852059125900269,,,,
296000,1178,305.0,305.0,610.0,250,,,1.0852059125900269,,,,
296000,1179,295.0,295.0,590.0,250,,,1.0852059125900269,,,,
296000,1180,270.0,269.0,539.0,250,,,1.0852059125900269,,,,
296000,1181,270.0,271.0,541.0,250,,,1.0852059125900269,,,,
296000,1182,290.0,291.0,581.0,250,,,1.0852059125900269,,,,
296000,1183,315.0,316.0,631.0,250,,,1.0852059125900269,,,,
298000,1184,290.0,289.0,579.0,250,,,1.084464192390442,,,,
298000,1185,320.0,320.0,640.0,250,,,1.084464192390442,,,,
298000,1186,305.0,305.0,610.0,250,,,1.084464192390442,,,,
298000,1187,306.0,306.0,612.0,250,,,1.084464192390442,,,,
298000,1188,294.0,294.0,588.0,250,,,1.084464192390442,,,,
298000,1189,355.0,355.0,710.0,250,,,1.084464192390442,,,,
298000,1190,265.0,265.0,530.0,250,,,1.084464192390442,,,,
298000,1191,295.0,294.0,589.0,250,,,1.084464192390442,,,,
300000,1192,265.0,265.0,530.0,250,,,1.07608962059021,,,,
300000,1193,295.0,295.0,590.0,250,,,1.07608962059021,,,,
300000,1194,310.0,308.0,618.0,250,,,1.07608962059021,,,,
300000,1195,280.0,280.0,560.0,250,,,1.07608962059021,,,,
300000,1196,325.0,325.0,650.0,250,,,1.07608962059021,,,,
300000,1197,305.0,305.0,610.0,250,,,1.07608962059021,,,,
300000,1198,305.0,304.0,609.0,250,,,1.07608962059021,,,,
300000,1199,295.0,294.0,589.0,250,,,1.07608962059021,,,,
302000,1200,275.0,275.0,550.0,250,,,1.0849608182907104,,,,
302000,1201,315.0,315.0,630.0,250,,,1.0849608182907104,,,,
302000,1202,315.0,315.0,630.0,250,,,1.0849608182907104,,,,
302000,1203,300.0,299.0,599.0,250,,,1.0849608182907104,,,,
302000,1204,280.0,280.0,560.0,250,,,1.0849608182907104,,,,
302000,1205,270.0,271.0,541.0,250,,,1.0849608182907104,,,,
302000,1206,300.0,300.0,600.0,250,,,1.0849608182907104,,,,
302000,1207,285.0,285.0,570.0,250,,,1.0849608182907104,,,,
304000,1208,305.0,305.0,610.0,250,,,1.0896453857421875,,,,
304000,1209,275.0,275.0,550.0,250,,,1.0896453857421875,,,,
304000,1210,325.0,325.0,650.0,250,,,1.0896453857421875,,,,
304000,1211,280.0,280.0,560.0,250,,,1.0896453857421875,,,,
304000,1212,305.0,306.0,611.0,250,,,1.0896453857421875,,,,
304000,1213,305.0,304.0,609.0,250,,,1.0896453857421875,,,,
304000,1214,291.0,295.0,586.0,250,,,1.0896453857421875,,,,
304000,1215,265.0,263.0,528.0,250,,,1.0896453857421875,,,,
306000,1216,285.0,285.0,570.0,250,,,1.0795882940292358,,,,
306000,1217,285.0,285.0,570.0,250,,,1.0795882940292358,,,,
306000,1218,295.0,295.0,590.0,250,,,1.0795882940292358,,,,
306000,1219,310.0,311.0,621.0,250,,,1.0795882940292358,,,,
306000,1220,280.0,280.0,560.0,250,,,1.0795882940292358,,,,
306000,1221,280.0,279.0,559.0,250,,,1.0795882940292358,,,,
306000,1222,280.0,280.0,560.0,250,,,1.0795882940292358,,,,
306000,1223,275.0,275.0,550.0,250,,,1.0795882940292358,,,,
308000,1224,305.0,305.0,610.0,250,,,1.092564344406128,,,,
308000,1225,298.0,299.0,597.0,250,,,1.092564344406128,,,,
308000,1226,330.0,329.0,659.0,250,,,1.092564344406128,,,,
308000,1227,280.0,280.0,560.0,250,,,1.092564344406128,,,,
308000,1228,310.0,311.0,621.0,250,,,1.092564344406128,,,,
308000,1229,304.0,305.0,609.0,250,,,1.092564344406128,,,,
308000,1230,295.0,296.0,591.0,250,,,1.092564344406128,,,,
308000,1231,285.0,285.0,570.0,250,,,1.092564344406128,,,,
310000,1232,270.0,270.0,540.0,250,,,1.0821361541748047,,,,
310000,1233,320.0,320.0,640.0,250,,,1.0821361541748047,,,,
310000,1234,280.0,278.0,558.0,250,,,1.0821361541748047,,,,
310000,1235,265.0,266.0,531.0,250,,,1.0821361541748047,,,,
310000,1236,295.0,295.0,590.0,250,,,1.0821361541748047,,,,
310000,1237,280.0,281.0,561.0,250,,,1.0821361541748047,,,,
310000,1238,300.0,299.0,599.0,250,,,1.0821361541748047,,,,
310000,1239,290.0,290.0,580.0,250,,,1.0821361541748047,,,,
312000,1240,305.0,306.0,611.0,250,,,1.0587544441223145,,,,
312000,1241,320.0,320.0,640.0,250,,,1.0587544441223145,,,,
312000,1242,265.0,265.0,530.0,250,,,1.0587544441223145,,,,
312000,1243,325.0,325.0,650.0,250,,,1.0587544441223145,,,,
312000,1244,275.0,275.0,550.0,250,,,1.0587544441223145,,,,
312000,1245,290.0,290.0,580.0,250,,,1.0587544441223145,,,,
312000,1246,280.0,279.0,559.0,250,,,1.0587544441223145,,,,
312000,1247,290.0,291.0,581.0,250,,,1.0587544441223145,,,,
314000,1248,262.0,265.0,527.0,250,,,1.0878289937973022,,,,
314000,1249,305.0,305.0,610.0,250,,,1.0878289937973022,,,,
314000,1250,305.0,304.0,609.0,250,,,1.0878289937973022,,,,
314000,1251,290.0,290.0,580.0,250,,,1.0878289937973022,,,,
314000,1252,315.0,315.0,630.0,250,,,1.0878289937973022,,,,
314000,1253,275.0,274.0,549.0,250,,,1.0878289937973022,,,,
314000,1254,270.0,272.0,542.0,250,,,1.0878289937973022,,,,
314000,1255,295.0,300.0,595.0,250,,,1.0878289937973022,,,,
316000,1256,295.0,296.0,591.0,250,,,1.0864112377166748,,,,
316000,1257,310.0,310.0,620.0,250,,,1.0864112377166748,,,,
316000,1258,294.0,294.0,588.0,250,,,1.0864112377166748,,,,
316000,1259,315.0,315.0,630.0,250,,,1.0864112377166748,,,,
316000,1260,280.0,280.0,560.0,250,,,1.0864112377166748,,,,
316000,1261,285.0,285.0,570.0,250,,,1.0864112377166748,,,,
316000,1262,310.0,310.0,620.0,250,,,1.0864112377166748,,,,
316000,1263,295.0,295.0,590.0,250,,,1.0864112377166748,,,,
318000,1264,290.0,289.0,579.0,250,,,1.0621451139450073,,,,
318000,1265,295.0,297.0,592.0,250,,,1.0621451139450073,,,,
318000,1266,300.0,300.0,600.0,250,,,1.0621451139450073,,,,
318000,1267,365.0,365.0,730.0,250,,,1.0621451139450073,,,,
318000,1268,320.0,321.0,641.0,250,,,1.0621451139450073,,,,
318000,1269,275.0,275.0,550.0,250,,,1.0621451139450073,,,,
318000,1270,290.0,290.0,580.0,250,,,1.0621451139450073,,,,
318000,1271,315.0,316.0,631.0,250,,,1.0621451139450073,,,,
320000,1272,315.0,316.0,631.0,250,,,1.0734608173370361,,,,
320000,1273,275.0,275.0,550.0,250,,,1.0734608173370361,,,,
320000,1274,265.0,264.0,529.0,250,,,1.0734608173370361,,,,
320000,1275,295.0,295.0,590.0,250,,,1.0734608173370361,,,,
320000,1276,315.0,307.0,622.0,250,,,1.0734608173370361,,,,
320000,1277,290.0,290.0,580.0,250,,,1.0734608173370361,,,,
320000,1278,320.0,320.0,640.0,250,,,1.0734608173370361,,,,
320000,1279,300.0,301.0,601.0,250,,,1.0734608173370361,,,,
322000,1280,275.0,274.0,549.0,250,,,1.0715110301971436,,,,
322000,1281,300.0,300.0,600.0,250,,,1.0715110301971436,,,,
322000,1282,315.0,316.0,631.0,250,,,1.0715110301971436,,,,
322000,1283,290.0,290.0,580.0,250,,,1.0715110301971436,,,,
322000,1284,275.0,274.0,549.0,250,,,1.0715110301971436,,,,
322000,1285,295.0,295.0,590.0,250,,,1.0715110301971436,,,,
322000,1286,313.0,317.0,630.0,250,,,1.0715110301971436,,,,
322000,1287,290.0,289.0,579.0,250,,,1.0715110301971436,,,,
324000,1288,300.0,299.0,599.0,250,,,1.0739045143127441,,,,
324000,1289,310.0,310.0,620.0,250,,,1.0739045143127441,,,,
324000,1290,313.0,316.0,629.0,250,,,1.0739045143127441,,,,
324000,1291,300.0,300.0,600.0,250,,,1.0739045143127441,,,,
324000,1292,305.0,305.0,610.0,250,,,1.0739045143127441,,,,
324000,1293,286.0,291.0,577.0,250,,,1.0739045143127441,,,,
324000,1294,285.0,285.0,570.0,250,,,1.0739045143127441,,,,
324000,1295,315.0,316.0,631.0,250,,,1.0739045143127441,,,,
326000,1296,299.0,299.0,598.0,250,,,1.0618566274642944,,,,
326000,1297,310.0,310.0,620.0,250,,,1.0618566274642944,,,,
326000,1298,300.0,299.0,599.0,250,,,1.0618566274642944,,,,
326000,1299,295.0,295.0,590.0,250,,,1.0618566274642944,,,,
326000,1300,315.0,315.0,630.0,250,,,1.0618566274642944,,,,
326000,1301,304.0,305.0,609.0,250,,,1.0618566274642944,,,,
326000,1302,310.0,310.0,620.0,250,,,1.0618566274642944,,,,
326000,1303,285.0,284.0,569.0,250,,,1.0618566274642944,,,,
328000,1304,274.0,274.0,548.0,250,,,1.0665552616119385,,,,
328000,1305,310.0,311.0,621.0,250,,,1.0665552616119385,,,,
328000,1306,305.0,303.0,608.0,250,,,1.0665552616119385,,,,
328000,1307,345.0,346.0,691.0,250,,,1.0665552616119385,,,,
328000,1308,260.0,260.0,520.0,250,,,1.0665552616119385,,,,
328000,1309,299.0,300.0,599.0,250,,,1.0665552616119385,,,,
328000,1310,340.0,340.0,680.0,250,,,1.0665552616119385,,,,
328000,1311,290.0,289.0,579.0,250,,,1.0665552616119385,,,,
330000,1312,300.0,300.0,600.0,250,,,1.0708695650100708,,,,
330000,1313,305.0,305.0,610.0,250,,,1.0708695650100708,,,,
330000,1314,315.0,315.0,630.0,250,,,1.0708695650100708,,,,
330000,1315,308.0,310.0,618.0,250,,,1.0708695650100708,,,,
330000,1316,295.0,296.0,591.0,250,,,1.0708695650100708,,,,
330000,1317,280.0,281.0,561.0,250,,,1.0708695650100708,,,,
330000,1318,290.0,289.0,579.0,250,,,1.0708695650100708,,,,
330000,1319,285.0,285.0,570.0,250,,,1.0708695650100708,,,,
332000,1320,300.0,299.0,599.0,250,,,1.0420095920562744,,,,
332000,1321,290.0,290.0,580.0,250,,,1.0420095920562744,,,,
332000,1322,285.0,285.0,570.0,250,,,1.0420095920562744,,,,
332000,1323,310.0,310.0,620.0,250,,,1.0420095920562744,,,,
332000,1324,305.0,303.0,608.0,250,,,1.0420095920562744,,,,
332000,1325,295.0,295.0,590.0,250,,,1.0420095920562744,,,,
332000,1326,305.0,305.0,610.0,250,,,1.0420095920562744,,,,
332000,1327,290.0,290.0,580.0,250,,,1.0420095920562744,,,,
334000,1328,260.0,260.0,520.0,250,,,1.0728707313537598,,,,
334000,1329,375.0,376.0,751.0,250,,,1.0728707313537598,,,,
334000,1330,285.0,285.0,570.0,250,,,1.0728707313537598,,,,
334000,1331,290.0,289.0,579.0,250,,,1.0728707313537598,,,,
334000,1332,305.0,305.0,610.0,250,,,1.0728707313537598,,,,
334000,1333,290.0,288.0,578.0,250,,,1.0728707313537598,,,,
334000,1334,275.0,272.0,547.0,250,,,1.0728707313537598,,,,
334000,1335,335.0,335.0,670.0,250,,,1.0728707313537598,,,,
336000,1336,255.0,254.0,509.0,250,,,1.0529921054840088,,,,
336000,1337,285.0,286.0,571.0,250,,,1.0529921054840088,,,,
336000,1338,325.0,325.0,650.0,250,,,1.0529921054840088,,,,
336000,1339,290.0,289.0,579.0,250,,,1.0529921054840088,,,,
336000,1340,305.0,304.0,609.0,250,,,1.0529921054840088,,,,
336000,1341,300.0,299.0,599.0,250,,,1.0529921054840088,,,,
336000,1342,300.0,300.0,600.0,250,,,1.0529921054840088,,,,
336000,1343,325.0,325.0,650.0,250,,,1.0529921054840088,,,,
338000,1344,330.0,328.0,658.0,250,,,1.0445157289505005,,,,
338000,1345,266.0,265.0,531.0,250,,,1.0445157289505005,,,,
338000,1346,330.0,330.0,660.0,250,,,1.0445157289505005,,,,
338000,1347,320.0,319.0,639.0,250,,,1.0445157289505005,,,,
338000,1348,295.0,296.0,591.0,250,,,1.0445157289505005,,,,
338000,1349,300.0,300.0,600.0,250,,,1.0445157289505005,,,,
338000,1350,280.0,280.0,560.0,250,,,1.0445157289505005,,,,
338000,1351,274.0,274.0,548.0,250,,,1.0445157289505005,,,,
340000,1352,290.0,290.0,580.0,250,,,1.0556622743606567,,,,
340000,1353,325.0,324.0,649.0,250,,,1.0556622743606567,,,,
340000,1354,280.0,280.0,560.0,250,,,1.0556622743606567,,,,
340000,1355,315.0,315.0,630.0,250,,,1.0556622743606567,,,,
340000,1356,294.0,295.0,589.0,250,,,1.0556622743606567,,,,
340000,1357,290.0,289.0,579.0,250,,,1.0556622743606567,,,,
340000,1358,280.0,279.0,559.0,250,,,1.0556622743606567,,,,
340000,1359,285.0,286.0,571.0,250,,,1.0556622743606567,,,,
342000,1360,280.0,280.0,560.0,250,,,1.0496891736984253,,,,
342000,1361,305.0,305.0,610.0,250,,,1.0496891736984253,,,,
342000,1362,315.0,315.0,630.0,250,,,1.0496891736984253,,,,
342000,1363,325.0,326.0,651.0,250,,,1.0496891736984253,,,,
342000,1364,299.0,299.0,598.0,250,,,1.0496891736984253,,,,
342000,1365,280.0,279.0,559.0,250,,,1.0496891736984253,,,,
342000,1366,330.0,332.0,662.0,250,,,1.0496891736984253,,,,
342000,1367,290.0,289.0,579.0,250,,,1.0496891736984253,,,,
344000,1368,300.0,300.0,600.0,250,,,1.0212445259094238,,,,
344000,1369,280.0,280.0,560.0,250,,,1.0212445259094238,,,,
344000,1370,335.0,334.0,669.0,250,,,1.0212445259094238,,,,
344000,1371,355.0,354.0,709.0,250,,,1.0212445259094238,,,,
344000,1372,285.0,284.0,569.0,250,,,1.0212445259094238,,,,
344000,1373,265.0,265.0,530.0,250,,,1.0212445259094238,,,,
344000,1374,280.0,280.0,560.0,250,,,1.0212445259094238,,,,
344000,1375,295.0,297.0,592.0,250,,,1.0212445259094238,,,,
346000,1376,295.0,294.0,589.0,250,,,1.0099422931671143,,,,
346000,1377,310.0,310.0,620.0,250,,,1.0099422931671143,,,,
346000,1378,305.0,303.0,608.0,250,,,1.0099422931671143,,,,
346000,1379,329.0,329.0,658.0,250,,,1.0099422931671143,,,,
346000,1380,323.0,326.0,649.0,250,,,1.0099422931671143,,,,
346000,1381,295.0,294.0,589.0,250,,,1.0099422931671143,,,,
346000,1382,320.0,321.0,641.0,250,,,1.0099422931671143,,,,
346000,1383,295.0,295.0,590.0,250,,,1.0099422931671143,,,,
348000,1384,325.0,324.0,649.0,250,,,0.9810696840286255,,,,
348000,1385,345.0,343.0,688.0,250,,,0.9810696840286255,,,,
348000,1386,300.0,300.0,600.0,250,,,0.9810696840286255,,,,
348000,1387,305.0,305.0,610.0,250,,,0.9810696840286255,,,,
348000,1388,340.0,340.0,680.0,250,,,0.9810696840286255,,,,
348000,1389,330.0,329.0,659.0,250,,,0.9810696840286255,,,,
348000,1390,310.0,310.0,620.0,250,,,0.9810696840286255,,,,
348000,1391,280.0,280.0,560.0,250,,,0.9810696840286255,,,,
350000,1392,315.0,315.0,630.0,250,,,1.0049761533737183,,,,
350000,1393,315.0,315.0,630.0,250,,,1.0049761533737183,,,,
350000,1394,310.0,310.0,620.0,250,,,1.0049761533737183,,,,
350000,1395,305.0,305.0,610.0,250,,,1.0049761533737183,,,,
350000,1396,285.0,285.0,570.0,250,,,1.0049761533737183,,,,
350000,1397,315.0,314.0,629.0,250,,,1.0049761533737183,,,,
350000,1398,290.0,290.0,580.0,250,,,1.0049761533737183,,,,
350000,1399,300.0,300.0,600.0,250,,,1.0049761533737183,,,,
352000,1400,340.0,339.0,679.0,250,,,0.9789074659347534,,,,
352000,1401,270.0,271.0,541.0,250,,,0.9789074659347534,,,,
352000,1402,325.0,325.0,650.0,250,,,0.9789074659347534,,,,
352000,1403,305.0,305.0,610.0,250,,,0.9789074659347534,,,,
352000,1404,295.0,294.0,589.0,250,,,0.9789074659347534,,,,
352000,1405,275.0,272.0,547.0,250,,,0.9789074659347534,,,,
352000,1406,310.0,311.0,621.0,250,,,0.9789074659347534,,,,
352000,1407,305.0,306.0,611.0,250,,,0.9789074659347534,,,,
354000,1408,305.0,304.0,609.0,250,,,0.9815515279769897,,,,
354000,1409,290.0,290.0,580.0,250,,,0.9815515279769897,,,,
354000,1410,315.0,316.0,631.0,250,,,0.9815515279769897,,,,
354000,1411,280.0,280.0,560.0,250,,,0.9815515279769897,,,,
354000,1412,315.0,316.0,631.0,250,,,0.9815515279769897,,,,
354000,1413,310.0,309.0,619.0,250,,,0.9815515279769897,,,,
354000,1414,295.0,295.0,590.0,250,,,0.9815515279769897,,,,
354000,1415,309.0,310.0,619.0,250,,,0.9815515279769897,,,,
356000,1416,285.0,284.0,569.0,250,,,0.9822725653648376,,,,
356000,1417,315.0,315.0,630.0,250,,,0.9822725653648376,,,,
356000,1418,300.0,300.0,600.0,250,,,0.9822725653648376,,,,
356000,1419,310.0,310.0,620.0,250,,,0.9822725653648376,,,,
356000,1420,330.0,330.0,660.0,250,,,0.9822725653648376,,,,
356000,1421,300.0,298.0,598.0,250,,,0.9822725653648376,,,,
356000,1422,300.0,299.0,599.0,250,,,0.9822725653648376,,,,
356000,1423,290.0,290.0,580.0,250,,,0.9822725653648376,,,,
358000,1424,315.0,314.0,629.0,250,,,1.0050580501556396,,,,
358000,1425,270.0,270.0,540.0,250,,,1.0050580501556396,,,,
358000,1426,310.0,311.0,621.0,250,,,1.0050580501556396,,,,
358000,1427,323.0,326.0,649.0,250,,,1.0050580501556396,,,,
358000,1428,305.0,306.0,611.0,250,,,1.0050580501556396,,,,
358000,1429,290.0,289.0,579.0,250,,,1.0050580501556396,,,,
358000,1430,275.0,272.0,547.0,250,,,1.0050580501556396,,,,
358000,1431,240.0,240.0,480.0,250,,,1.0050580501556396,,,,
360000,1432,300.0,299.0,599.0,250,,,1.031582236289978,,,,
360000,1433,290.0,289.0,579.0,250,,,1.031582236289978,,,,
360000,1434,330.0,330.0,660.0,250,,,1.031582236289978,,,,
360000,1435,335.0,335.0,670.0,250,,,1.031582236289978,,,,
360000,1436,300.0,300.0,600.0,250,,,1.031582236289978,,,,
360000,1437,310.0,311.0,621.0,250,,,1.031582236289978,,,,
360000,1438,295.0,295.0,590.0,250,,,1.031582236289978,,,,
360000,1439,275.0,277.0,552.0,250,,,1.031582236289978,,,,
362000,1440,305.0,304.0,609.0,250,,,1.0551822185516357,,,,
362000,1441,320.0,319.0,639.0,250,,,1.0551822185516357,,,,
362000,1442,295.0,295.0,590.0,250,,,1.0551822185516357,,,,
362000,1443,310.0,309.0,619.0,250,,,1.0551822185516357,,,,
362000,1444,295.0,293.0,588.0,250,,,1.0551822185516357,,,,
362000,1445,325.0,325.0,650.0,250,,,1.0551822185516357,,,,
362000,1446,315.0,316.0,631.0,250,,,1.0551822185516357,,,,
362000,1447,280.0,281.0,561.0,250,,,1.0551822185516357,,,,
364000,1448,300.0,301.0,601.0,250,,,1.0607202053070068,,,,
364000,1449,315.0,315.0,630.0,250,,,1.0607202053070068,,,,
364000,1450,295.0,295.0,590.0,250,,,1.0607202053070068,,,,
364000,1451,290.0,290.0,580.0,250,,,1.0607202053070068,,,,
364000,1452,265.0,265.0,530.0,250,,,1.0607202053070068,,,,
364000,1453,285.0,284.0,569.0,250,,,1.0607202053070068,,,,
364000,1454,300.0,300.0,600.0,250,,,1.0607202053070068,,,,
364000,1455,305.0,304.0,609.0,250,,,1.0607202053070068,,,,
366000,1456,270.0,270.0,540.0,250,,,1.0251636505126953,,,,
366000,1457,284.0,285.0,569.0,250,,,1.0251636505126953,,,,
366000,1458,315.0,314.0,629.0,250,,,1.0251636505126953,,,,
366000,1459,335.0,335.0,670.0,250,,,1.0251636505126953,,,,
366000,1460,300.0,300.0,600.0,250,,,1.0251636505126953,,,,
366000,1461,325.0,326.0,651.0,250,,,1.0251636505126953,,,,
366000,1462,285.0,284.0,569.0,250,,,1.0251636505126953,,,,
366000,1463,285.0,284.0,569.0,250,,,1.0251636505126953,,,,
368000,1464,325.0,324.0,649.0,250,,,1.0584417581558228,,,,
368000,1465,279.0,281.0,560.0,250,,,1.0584417581558228,,,,
368000,1466,330.0,331.0,661.0,250,,,1.0584417581558228,,,,
368000,1467,280.0,280.0,560.0,250,,,1.0584417581558228,,,,
368000,1468,300.0,301.0,601.0,250,,,1.0584417581558228,,,,
368000,1469,285.0,285.0,570.0,250,,,1.0584417581558228,,,,
368000,1470,305.0,304.0,609.0,250,,,1.0584417581558228,,,,
368000,1471,270.0,271.0,541.0,250,,,1.0584417581558228,,,,
370000,1472,300.0,300.0,600.0,250,,,1.0200629234313965,,,,
370000,1473,285.0,285.0,570.0,250,,,1.0200629234313965,,,,
370000,1474,295.0,290.0,585.0,250,,,1.0200629234313965,,,,
370000,1475,300.0,300.0,600.0,250,,,1.0200629234313965,,,,
370000,1476,305.0,305.0,610.0,250,,,1.0200629234313965,,,,
370000,1477,290.0,290.0,580.0,250,,,1.0200629234313965,,,,
370000,1478,312.0,316.0,628.0,250,,,1.0200629234313965,,,,
370000,1479,320.0,320.0,640.0,250,,,1.0200629234313965,,,,
372000,1480,270.0,274.0,544.0,250,,,1.048473596572876,,,,
372000,1481,340.0,341.0,681.0,250,,,1.048473596572876,,,,
372000,1482,295.0,295.0,590.0,250,,,1.048473596572876,,,,
372000,1483,325.0,325.0,650.0,250,,,1.048473596572876,,,,
372000,1484,310.0,310.0,620.0,250,,,1.048473596572876,,,,
372000,1485,290.0,290.0,580.0,250,,,1.048473596572876,,,,
372000,1486,330.0,332.0,662.0,250,,,1.048473596572876,,,,
372000,1487,330.0,330.0,660.0,250,,,1.048473596572876,,,,
374000,1488,355.0,353.0,708.0,250,,,1.012980580329895,,,,
374000,1489,295.0,294.0,589.0,250,,,1.012980580329895,,,,
374000,1490,295.0,295.0,590.0,250,,,1.012980580329895,,,,
374000,1491,284.0,286.0,570.0,250,,,1.012980580329895,,,,
374000,1492,305.0,305.0,610.0,250,,,1.012980580329895,,,,
374000,1493,335.0,336.0,671.0,250,,,1.012980580329895,,,,
374000,1494,330.0,329.0,659.0,250,,,1.012980580329895,,,,
374000,1495,330.0,325.0,655.0,250,,,1.012980580329895,,,,
376000,1496,284.0,285.0,569.0,250,,,1.044596791267395,,,,
376000,1497,265.0,265.0,530.0,250,,,1.044596791267395,,,,
376000,1498,295.0,295.0,590.0,250,,,1.044596791267395,,,,
376000,1499,270.0,270.0,540.0,250,,,1.044596791267395,,,,
376000,1500,295.0,295.0,590.0,250,,,1.044596791267395,,,,
376000,1501,300.0,297.0,597.0,250,,,1.044596791267395,,,,
376000,1502,295.0,296.0,591.0,250,,,1.044596791267395,,,,
376000,1503,315.0,315.0,630.0,250,,,1.044596791267395,,,,
378000,1504,270.0,270.0,540.0,250,,,1.0171324014663696,,,,
378000,1505,325.0,326.0,651.0,250,,,1.0171324014663696,,,,
378000,1506,285.0,285.0,570.0,250,,,1.0171324014663696,,,,
378000,1507,285.0,285.0,570.0,250,,,1.0171324014663696,,,,
378000,1508,290.0,290.0,580.0,250,,,1.0171324014663696,,,,
378000,1509,290.0,290.0,580.0,250,,,1.0171324014663696,,,,
378000,1510,300.0,300.0,600.0,250,,,1.0171324014663696,,,,
378000,1511,303.0,304.0,607.0,250,,,1.0171324014663696,,,,
380000,1512,280.0,279.0,559.0,250,,,1.0176005363464355,,,,
380000,1513,290.0,290.0,580.0,250,,,1.0176005363464355,,,,
380000,1514,270.0,270.0,540.0,250,,,1.0176005363464355,,,,
380000,1515,305.0,304.0,609.0,250,,,1.0176005363464355,,,,
380000,1516,295.0,295.0,590.0,250,,,1.0176005363464355,,,,
380000,1517,320.0,319.0,639.0,250,,,1.0176005363464355,,,,
380000,1518,285.0,285.0,570.0,250,,,1.0176005363464355,,,,
380000,1519,305.0,304.0,609.0,250,,,1.0176005363464355,,,,
382000,1520,310.0,309.0,619.0,250,,,1.0353500843048096,,,,
382000,1521,325.0,325.0,650.0,250,,,1.0353500843048096,,,,
382000,1522,285.0,285.0,570.0,250,,,1.0353500843048096,,,,
382000,1523,340.0,339.0,679.0,250,,,1.0353500843048096,,,,
382000,1524,295.0,295.0,590.0,250,,,1.0353500843048096,,,,
382000,1525,295.0,295.0,590.0,250,,,1.0353500843048096,,,,
382000,1526,270.0,270.0,540.0,250,,,1.0353500843048096,,,,
382000,1527,280.0,281.0,561.0,250,,,1.0353500843048096,,,,
384000,1528,305.0,305.0,610.0,250,0.028868888519355096,,1.037613034248352,1.0068853465459993e-05,0.0,-0.00012481192243285477,0.02899370044178795
384000,1529,310.0,311.0,621.0,250,0.028868888519355096,,1.037613034248352,1.0068853465459993e-05,0.0,-0.00012481192243285477,0.02899370044178795
384000,1530,320.0,320.0,640.0,250,0.028868888519355096,,1.037613034248352,1.0068853465459993e-05,0.0,-0.00012481192243285477,0.02899370044178795
384000,1531,300.0,301.0,601.0,250,0.028868888519355096,,1.037613034248352,1.0068853465459993e-05,0.0,-0.00012481192243285477,0.02899370044178795
384000,1532,320.0,319.0,639.0,250,0.028868888519355096,,1.037613034248352,1.0068853465459993e-05,0.0,-0.00012481192243285477,0.02899370044178795
384000,1533,300.0,299.0,599.0,250,0.028868888519355096,,1.037613034248352,1.0068853465459993e-05,0.0,-0.00012481192243285477,0.02899370044178795
384000,1534,275.0,273.0,548.0,250,0.028868888519355096,,1.037613034248352,1.0068853465459993e-05,0.0,-0.00012481192243285477,0.02899370044178795
384000,1535,320.0,320.0,640.0,250,0.028868888519355096,,1.037613034248352,1.0068853465459993e-05,0.0,-0.00012481192243285477,0.02899370044178795
386000,1536,320.0,320.0,640.0,250,,,1.0179567337036133,,,,
386000,1537,300.0,300.0,600.0,250,,,1.0179567337036133,,,,
386000,1538,284.0,286.0,570.0,250,,,1.0179567337036133,,,,
386000,1539,280.0,280.0,560.0,250,,,1.0179567337036133,,,,
386000,1540,335.0,336.0,671.0,250,,,1.0179567337036133,,,,
386000,1541,310.0,310.0,620.0,250,,,1.0179567337036133,,,,
386000,1542,320.0,320.0,640.0,250,,,1.0179567337036133,,,,
386000,1543,310.0,309.0,619.0,250,,,1.0179567337036133,,,,
388000,1544,285.0,279.0,564.0,250,,,1.0235283374786377,,,,
388000,1545,300.0,300.0,600.0,250,,,1.0235283374786377,,,,
388000,1546,290.0,290.0,580.0,250,,,1.0235283374786377,,,,
388000,1547,290.0,291.0,581.0,250,,,1.0235283374786377,,,,
388000,1548,300.0,299.0,599.0,250,,,1.0235283374786377,,,,
388000,1549,305.0,305.0,610.0,250,,,1.0235283374786377,,,,
388000,1550,300.0,299.0,599.0,250,,,1.0235283374786377,,,,
388000,1551,325.0,325.0,650.0,250,,,1.0235283374786377,,,,
390000,1552,310.0,311.0,621.0,250,,,1.026944637298584,,,,
390000,1553,310.0,311.0,621.0,250,,,1.026944637298584,,,,
390000,1554,300.0,301.0,601.0,250,,,1.026944637298584,,,,
390000,1555,315.0,313.0,628.0,250,,,1.026944637298584,,,,
390000,1556,320.0,320.0,640.0,250,,,1.026944637298584,,,,
390000,1557,315.0,315.0,630.0,250,,,1.026944637298584,,,,
390000,1558,320.0,321.0,641.0,250,,,1.026944637298584,,,,
390000,1559,285.0,285.0,570.0,250,,,1.026944637298584,,,,
392000,1560,290.0,290.0,580.0,250,,,1.0149664878845215,,,,
392000,1561,310.0,310.0,620.0,250,,,1.0149664878845215,,,,
392000,1562,255.0,255.0,510.0,250,,,1.0149664878845215,,,,
392000,1563,295.0,294.0,589.0,250,,,1.0149664878845215,,,,
392000,1564,295.0,295.0,590.0,250,,,1.0149664878845215,,,,
392000,1565,290.0,290.0,580.0,250,,,1.0149664878845215,,,,
392000,1566,280.0,280.0,560.0,250,,,1.0149664878845215,,,,
392000,1567,295.0,295.0,590.0,250,,,1.0149664878845215,,,,
394000,1568,269.0,270.0,539.0,250,,,1.0472112894058228,,,,
394000,1569,305.0,305.0,610.0,250,,,1.0472112894058228,,,,
394000,1570,320.0,320.0,640.0,250,,,1.0472112894058228,,,,
394000,1571,315.0,313.0,628.0,250,,,1.0472112894058228,,,,
394000,1572,260.0,259.0,519.0,250,,,1.0472112894058228,,,,
394000,1573,275.0,274.0,549.0,250,,,1.0472112894058228,,,,
394000,1574,325.0,325.0,650.0,250,,,1.0472112894058228,,,,
394000,1575,300.0,299.0,599.0,250,,,1.0472112894058228,,,,
396000,1576,319.0,320.0,639.0,250,,,1.0006757974624634,,,,
396000,1577,290.0,290.0,580.0,250,,,1.0006757974624634,,,,
396000,1578,295.0,295.0,590.0,250,,,1.0006757974624634,,,,
396000,1579,285.0,285.0,570.0,250,,,1.0006757974624634,,,,
396000,1580,300.0,299.0,599.0,250,,,1.0006757974624634,,,,
396000,1581,305.0,303.0,608.0,250,,,1.0006757974624634,,,,
396000,1582,260.0,260.0,520.0,250,,,1.0006757974624634,,,,
396000,1583,300.0,300.0,600.0,250,,,1.0006757974624634,,,,
398000,1584,310.0,310.0,620.0,250,,,1.0332728624343872,,,,
398000,1585,310.0,311.0,621.0,250,,,1.0332728624343872,,,,
398000,1586,300.0,300.0,600.0,250,,,1.0332728624343872,,,,
398000,1587,300.0,300.0,600.0,250,,,1.0332728624343872,,,,
398000,1588,290.0,290.0,580.0,250,,,1.0332728624343872,,,,
398000,1589,310.0,310.0,620.0,250,,,1.0332728624343872,,,,
398000,1590,305.0,306.0,611.0,250,,,1.0332728624343872,,,,
398000,1591,280.0,280.0,560.0,250,,,1.0332728624343872,,,,
400000,1592,330.0,329.0,659.0,250,,,0.9937225580215454,,,,
400000,1593,296.0,299.0,595.0,250,,,0.9937225580215454,,,,
400000,1594,300.0,299.0,599.0,250,,,0.9937225580215454,,,,
400000,1595,275.0,275.0,550.0,250,,,0.9937225580215454,,,,
400000,1596,305.0,305.0,610.0,250,,,0.9937225580215454,,,,
400000,1597,285.0,285.0,570.0,250,,,0.9937225580215454,,,,
400000,1598,300.0,300.0,600.0,250,,,0.9937225580215454,,,,
400000,1599,290.0,290.0,580.0,250,,,0.9937225580215454,,,,
